CREATE TABLE `province`(
  `pro_id` int(11), 
  `pro_code` varchar(18), 
  `pro_name` varchar(60), 
  `pro_name2` varchar(60));
   
  

CREATE TABLE `city`(
  `id` int(11), 
  `province_id` int(10), 
  `code` varchar(18), 
  `name` varchar(60), 
  `province_code` varchar(18));

CREATE TABLE `area`(
  `id` int(11), 
  `city_id` int(10), 
  `code` varchar(18), 
  `name` varchar(60), 
  `city_code` varchar(18));

insert into province values(1,'110000','北京市','');
insert into province values(2,'120000','天津市','');
insert into province values(3,'130000','河北省','');
insert into province values(4,'140000','山西省','');
insert into province values(5,'150000','内蒙古自治区','');
insert into province values(6,'210000','辽宁省','');
insert into province values(7,'220000','吉林省','');
insert into province values(8,'230000','黑龙江省','');
insert into province values(9,'310000','上海市','');
insert into province values(10,'320000','江苏省','');
insert into province values(11,'330000','浙江省','');
insert into province values(12,'340000','安徽省','');
insert into province values(13,'350000','福建省','');
insert into province values(14,'360000','江西省','');
insert into province values(15,'370000','山东省','');
insert into province values(16,'410000','河南省','');
insert into province values(17,'420000','湖北省','');
insert into province values(18,'430000','湖南省','');
insert into province values(19,'440000','广东省','');
insert into province values(20,'450000','广西壮族自治区','');
insert into province values(21,'460000','海南省','');
insert into province values(22,'500000','重庆市','');
insert into province values(23,'510000','四川省','');
insert into province values(24,'520000','贵州省','');
insert into province values(25,'530000','云南省','');
insert into province values(26,'540000','西藏自治区','');
insert into province values(27,'610000','陕西省','');
insert into province values(28,'620000','甘肃省','');
insert into province values(29,'630000','青海省','');
insert into province values(30,'640000','宁夏回族自治区','');
insert into province values(31,'650000','新疆维吾尔自治区','');


insert into city values (1,1,110100000000,'市辖区',110000) ;
insert into city values (2,2,120100000000,'市辖区',120000) ;
insert into city values (3,3,130100000000,'石家庄市',130000),(4,3,130200000000,'唐山市',130000),(5,3,130300000000,'秦皇岛市',130000),(6,3,130400000000,'邯郸市',130000),(7,3,130500000000,'邢台市',130000),(8,3,130600000000,'保定市',130000),(9,3,130700000000,'张家口市',130000),(10,3,130800000000,'承德市',130000),(11,3,130900000000,'沧州市',130000),(12,3,131000000000,'廊坊市',130000),(13,3,131100000000,'衡水市',130000) ;
insert into city values (14,4,140100000000,'太原市',140000),(15,4,140200000000,'大同市',140000),(16,4,140300000000,'阳泉市',140000),(17,4,140400000000,'长治市',140000),(18,4,140500000000,'晋城市',140000),(19,4,140600000000,'朔州市',140000),(20,4,140700000000,'晋中市',140000),(21,4,140800000000,'运城市',140000),(22,4,140900000000,'忻州市',140000),(23,4,141000000000,'临汾市',140000),(24,4,141100000000,'吕梁市',140000) ;
insert into city values (25,5,150100000000,'呼和浩特市',150000),(26,5,150200000000,'包头市',150000),(27,5,150300000000,'乌海市',150000),(28,5,150400000000,'赤峰市',150000),(29,5,150500000000,'通辽市',150000),(30,5,150600000000,'鄂尔多斯市',150000),(31,5,150700000000,'呼伦贝尔市',150000),(32,5,150800000000,'巴彦淖尔市',150000),(33,5,150900000000,'乌兰察布市',150000),(34,5,152200000000,'兴安盟',150000),(35,5,152500000000,'锡林郭勒盟',150000),(36,5,152900000000,'阿拉善盟',150000) ;
insert into city values (37,6,210100000000,'沈阳市',210000),(38,6,210200000000,'大连市',210000),(39,6,210300000000,'鞍山市',210000),(40,6,210400000000,'抚顺市',210000),(41,6,210500000000,'本溪市',210000),(42,6,210600000000,'丹东市',210000),(43,6,210700000000,'锦州市',210000),(44,6,210800000000,'营口市',210000),(45,6,210900000000,'阜新市',210000),(46,6,211000000000,'辽阳市',210000),(47,6,211100000000,'盘锦市',210000),(48,6,211200000000,'铁岭市',210000),(49,6,211300000000,'朝阳市',210000),(50,6,211400000000,'葫芦岛市',210000) ;
insert into city values (51,7,220100000000,'长春市',220000),(52,7,220200000000,'吉林市',220000),(53,7,220300000000,'四平市',220000),(54,7,220400000000,'辽源市',220000),(55,7,220500000000,'通化市',220000),(56,7,220600000000,'白山市',220000),(57,7,220700000000,'松原市',220000),(58,7,220800000000,'白城市',220000),(59,7,222400000000,'延边朝鲜族自治州',220000) ;
insert into city values (60,8,230100000000,'哈尔滨市',230000),(61,8,230200000000,'齐齐哈尔市',230000),(62,8,230300000000,'鸡西市',230000),(63,8,230400000000,'鹤岗市',230000),(64,8,230500000000,'双鸭山市',230000),(65,8,230600000000,'大庆市',230000),(66,8,230700000000,'伊春市',230000),(67,8,230800000000,'佳木斯市',230000),(68,8,230900000000,'七台河市',230000),(69,8,231000000000,'牡丹江市',230000),(70,8,231100000000,'黑河市',230000),(71,8,231200000000,'绥化市',230000),(72,8,232700000000,'大兴安岭地区',230000) ;
insert into city values (73,9,310100000000,'市辖区',310000) ;
insert into city values (74,10,320100000000,'南京市',320000),(75,10,320200000000,'无锡市',320000),(76,10,320300000000,'徐州市',320000),(77,10,320400000000,'常州市',320000),(78,10,320500000000,'苏州市',320000),(79,10,320600000000,'南通市',320000),(80,10,320700000000,'连云港市',320000),(81,10,320800000000,'淮安市',320000),(82,10,320900000000,'盐城市',320000),(83,10,321000000000,'扬州市',320000),(84,10,321100000000,'镇江市',320000),(85,10,321200000000,'泰州市',320000),(86,10,321300000000,'宿迁市',320000) ;
insert into city values (87,11,330100000000,'杭州市',330000),(88,11,330200000000,'宁波市',330000),(89,11,330300000000,'温州市',330000),(90,11,330400000000,'嘉兴市',330000),(91,11,330500000000,'湖州市',330000),(92,11,330600000000,'绍兴市',330000),(93,11,330700000000,'金华市',330000),(94,11,330800000000,'衢州市',330000),(95,11,330900000000,'舟山市',330000),(96,11,331000000000,'台州市',330000),(97,11,331100000000,'丽水市',330000) ;
insert into city values (98,12,340100000000,'合肥市',340000),(99,12,340200000000,'芜湖市',340000),(100,12,340300000000,'蚌埠市',340000),(101,12,340400000000,'淮南市',340000),(102,12,340500000000,'马鞍山市',340000),(103,12,340600000000,'淮北市',340000),(104,12,340700000000,'铜陵市',340000),(105,12,340800000000,'安庆市',340000),(106,12,341000000000,'黄山市',340000),(107,12,341100000000,'滁州市',340000),(108,12,341200000000,'阜阳市',340000),(109,12,341300000000,'宿州市',340000),(110,12,341500000000,'六安市',340000),(111,12,341600000000,'亳州市',340000),(112,12,341700000000,'池州市',340000),(113,12,341800000000,'宣城市',340000) ;
insert into city values (114,13,350100000000,'福州市',350000),(115,13,350200000000,'厦门市',350000),(116,13,350300000000,'莆田市',350000),(117,13,350400000000,'三明市',350000),(118,13,350500000000,'泉州市',350000),(119,13,350600000000,'漳州市',350000),(120,13,350700000000,'南平市',350000),(121,13,350800000000,'龙岩市',350000),(122,13,350900000000,'宁德市',350000) ;
insert into city values (123,14,360100000000,'南昌市',360000),(124,14,360200000000,'景德镇市',360000),(125,14,360300000000,'萍乡市',360000),(126,14,360400000000,'九江市',360000),(127,14,360500000000,'新余市',360000),(128,14,360600000000,'鹰潭市',360000),(129,14,360700000000,'赣州市',360000),(130,14,360800000000,'吉安市',360000),(131,14,360900000000,'宜春市',360000),(132,14,361000000000,'抚州市',360000),(133,14,361100000000,'上饶市',360000) ;
insert into city values (134,15,370100000000,'济南市',370000),(135,15,370200000000,'青岛市',370000),(136,15,370300000000,'淄博市',370000),(137,15,370400000000,'枣庄市',370000),(138,15,370500000000,'东营市',370000),(139,15,370600000000,'烟台市',370000),(140,15,370700000000,'潍坊市',370000),(141,15,370800000000,'济宁市',370000),(142,15,370900000000,'泰安市',370000),(143,15,371000000000,'威海市',370000),(144,15,371100000000,'日照市',370000),(145,15,371200000000,'莱芜市',370000),(146,15,371300000000,'临沂市',370000),(147,15,371400000000,'德州市',370000),(148,15,371500000000,'聊城市',370000),(149,15,371600000000,'滨州市',370000),(150,15,371700000000,'菏泽市',370000) ;
insert into city values (151,16,410100000000,'郑州市',410000),(152,16,410200000000,'开封市',410000),(153,16,410300000000,'洛阳市',410000),(154,16,410400000000,'平顶山市',410000),(155,16,410500000000,'安阳市',410000),(156,16,410600000000,'鹤壁市',410000),(157,16,410700000000,'新乡市',410000),(158,16,410800000000,'焦作市',410000),(159,16,410900000000,'濮阳市',410000),(160,16,411000000000,'许昌市',410000),(161,16,411100000000,'漯河市',410000),(162,16,411200000000,'三门峡市',410000),(163,16,411300000000,'南阳市',410000),(164,16,411400000000,'商丘市',410000),(165,16,411500000000,'信阳市',410000),(166,16,411600000000,'周口市',410000),(167,16,411700000000,'驻马店市',410000),(168,16,419000000000,'省直辖县级行政区划',410000) ;
insert into city values (169,17,420100000000,'武汉市',420000),(170,17,420200000000,'黄石市',420000),(171,17,420300000000,'十堰市',420000),(172,17,420500000000,'宜昌市',420000),(173,17,420600000000,'襄阳市',420000),(174,17,420700000000,'鄂州市',420000),(175,17,420800000000,'荆门市',420000),(176,17,420900000000,'孝感市',420000),(177,17,421000000000,'荆州市',420000),(178,17,421100000000,'黄冈市',420000),(179,17,421200000000,'咸宁市',420000),(180,17,421300000000,'随州市',420000),(181,17,422800000000,'恩施土家族苗族自治州',420000),(182,17,429000000000,'省直辖县级行政区划',420000) ;
insert into city values (183,18,430100000000,'长沙市',430000),(184,18,430200000000,'株洲市',430000),(185,18,430300000000,'湘潭市',430000),(186,18,430400000000,'衡阳市',430000),(187,18,430500000000,'邵阳市',430000),(188,18,430600000000,'岳阳市',430000),(189,18,430700000000,'常德市',430000),(190,18,430800000000,'张家界市',430000),(191,18,430900000000,'益阳市',430000),(192,18,431000000000,'郴州市',430000),(193,18,431100000000,'永州市',430000),(194,18,431200000000,'怀化市',430000),(195,18,431300000000,'娄底市',430000),(196,18,433100000000,'湘西土家族苗族自治州',430000) ;
insert into city values (197,19,440100000000,'广州市',440000),(198,19,440200000000,'韶关市',440000),(199,19,440300000000,'深圳市',440000),(200,19,440400000000,'珠海市',440000),(201,19,440500000000,'汕头市',440000),(202,19,440600000000,'佛山市',440000),(203,19,440700000000,'江门市',440000),(204,19,440800000000,'湛江市',440000),(205,19,440900000000,'茂名市',440000),(206,19,441200000000,'肇庆市',440000),(207,19,441300000000,'惠州市',440000),(208,19,441400000000,'梅州市',440000),(209,19,441500000000,'汕尾市',440000),(210,19,441600000000,'河源市',440000),(211,19,441700000000,'阳江市',440000),(212,19,441800000000,'清远市',440000),(213,19,441900000000,'东莞市',440000),(214,19,442000000000,'中山市',440000),(215,19,445100000000,'潮州市',440000),(216,19,445200000000,'揭阳市',440000),(217,19,445300000000,'云浮市',440000) ;
insert into city values (218,20,450100000000,'南宁市',450000),(219,20,450200000000,'柳州市',450000),(220,20,450300000000,'桂林市',450000),(221,20,450400000000,'梧州市',450000),(222,20,450500000000,'北海市',450000),(223,20,450600000000,'防城港市',450000),(224,20,450700000000,'钦州市',450000),(225,20,450800000000,'贵港市',450000),(226,20,450900000000,'玉林市',450000),(227,20,451000000000,'百色市',450000),(228,20,451100000000,'贺州市',450000),(229,20,451200000000,'河池市',450000),(230,20,451300000000,'来宾市',450000),(231,20,451400000000,'崇左市',450000) ;
insert into city values (232,21,460100000000,'海口市',460000),(233,21,460200000000,'三亚市',460000),(234,21,460300000000,'三沙市',460000),(235,21,460400000000,'儋州市',460000),(236,21,469000000000,'省直辖县级行政区划',460000) ;
insert into city values (237,22,500100000000,'市辖区',500000),(238,22,500200000000,'县',500000) ;
insert into city values (239,23,510100000000,'成都市',510000),(240,23,510300000000,'自贡市',510000),(241,23,510400000000,'攀枝花市',510000),(242,23,510500000000,'泸州市',510000),(243,23,510600000000,'德阳市',510000),(244,23,510700000000,'绵阳市',510000),(245,23,510800000000,'广元市',510000),(246,23,510900000000,'遂宁市',510000),(247,23,511000000000,'内江市',510000),(248,23,511100000000,'乐山市',510000),(249,23,511300000000,'南充市',510000),(250,23,511400000000,'眉山市',510000),(251,23,511500000000,'宜宾市',510000),(252,23,511600000000,'广安市',510000),(253,23,511700000000,'达州市',510000),(254,23,511800000000,'雅安市',510000),(255,23,511900000000,'巴中市',510000),(256,23,512000000000,'资阳市',510000),(257,23,513200000000,'阿坝藏族羌族自治州',510000),(258,23,513300000000,'甘孜藏族自治州',510000),(259,23,513400000000,'凉山彝族自治州',510000) ;
insert into city values (260,24,520100000000,'贵阳市',520000),(261,24,520200000000,'六盘水市',520000),(262,24,520300000000,'遵义市',520000),(263,24,520400000000,'安顺市',520000),(264,24,520500000000,'毕节市',520000),(265,24,520600000000,'铜仁市',520000),(266,24,522300000000,'黔西南布依族苗族自治州',520000),(267,24,522600000000,'黔东南苗族侗族自治州',520000),(268,24,522700000000,'黔南布依族苗族自治州',520000) ;
insert into city values (269,25,530100000000,'昆明市',530000),(270,25,530300000000,'曲靖市',530000),(271,25,530400000000,'玉溪市',530000),(272,25,530500000000,'保山市',530000),(273,25,530600000000,'昭通市',530000),(274,25,530700000000,'丽江市',530000),(275,25,530800000000,'普洱市',530000),(276,25,530900000000,'临沧市',530000),(277,25,532300000000,'楚雄彝族自治州',530000),(278,25,532500000000,'红河哈尼族彝族自治州',530000),(279,25,532600000000,'文山壮族苗族自治州',530000),(280,25,532800000000,'西双版纳傣族自治州',530000),(281,25,532900000000,'大理白族自治州',530000),(282,25,533100000000,'德宏傣族景颇族自治州',530000),(283,25,533300000000,'怒江傈僳族自治州',530000),(284,25,533400000000,'迪庆藏族自治州',530000) ;
insert into city values (285,26,540100000000,'拉萨市',540000),(286,26,540200000000,'日喀则市',540000),(287,26,540300000000,'昌都市',540000),(288,26,540400000000,'林芝市',540000),(289,26,540500000000,'山南市',540000),(290,26,540600000000,'那曲市',540000),(291,26,542500000000,'阿里地区',540000) ;
insert into city values (292,27,610100000000,'西安市',610000),(293,27,610200000000,'铜川市',610000),(294,27,610300000000,'宝鸡市',610000),(295,27,610400000000,'咸阳市',610000),(296,27,610500000000,'渭南市',610000),(297,27,610600000000,'延安市',610000),(298,27,610700000000,'汉中市',610000),(299,27,610800000000,'榆林市',610000),(300,27,610900000000,'安康市',610000),(301,27,611000000000,'商洛市',610000) ;
insert into city values (302,28,620100000000,'兰州市',620000),(303,28,620200000000,'嘉峪关市',620000),(304,28,620300000000,'金昌市',620000),(305,28,620400000000,'白银市',620000),(306,28,620500000000,'天水市',620000),(307,28,620600000000,'武威市',620000),(308,28,620700000000,'张掖市',620000),(309,28,620800000000,'平凉市',620000),(310,28,620900000000,'酒泉市',620000),(311,28,621000000000,'庆阳市',620000),(312,28,621100000000,'定西市',620000),(313,28,621200000000,'陇南市',620000),(314,28,622900000000,'临夏回族自治州',620000),(315,28,623000000000,'甘南藏族自治州',620000) ;
insert into city values (316,29,630100000000,'西宁市',630000),(317,29,630200000000,'海东市',630000),(318,29,632200000000,'海北藏族自治州',630000),(319,29,632300000000,'黄南藏族自治州',630000),(320,29,632500000000,'海南藏族自治州',630000),(321,29,632600000000,'果洛藏族自治州',630000),(322,29,632700000000,'玉树藏族自治州',630000),(323,29,632800000000,'海西蒙古族藏族自治州',630000) ;
insert into city values (324,30,640100000000,'银川市',640000),(325,30,640200000000,'石嘴山市',640000),(326,30,640300000000,'吴忠市',640000),(327,30,640400000000,'固原市',640000),(328,30,640500000000,'中卫市',640000) ;
insert into city values (329,31,650100000000,'乌鲁木齐市',650000),(330,31,650200000000,'克拉玛依市',650000),(331,31,650400000000,'吐鲁番市',650000),(332,31,650500000000,'哈密市',650000),(333,31,652300000000,'昌吉回族自治州',650000),(334,31,652700000000,'博尔塔拉蒙古自治州',650000),(335,31,652800000000,'巴音郭楞蒙古自治州',650000),(336,31,652900000000,'阿克苏地区',650000),(337,31,653000000000,'克孜勒苏柯尔克孜自治州',650000),(338,31,653100000000,'喀什地区',650000),(339,31,653200000000,'和田地区',650000),(340,31,654000000000,'伊犁哈萨克自治州',650000),(341,31,654200000000,'塔城地区',650000),(342,31,654300000000,'阿勒泰地区',650000),(343,31,659000000000,'自治区直辖县级行政区划',650000) ;

insert into area values  (1,1,110101000000,'东城区',110100000000),(2,1,110102000000,'西城区',110100000000),(3,1,110105000000,'朝阳区',110100000000),(4,1,110106000000,'丰台区',110100000000),(5,1,110107000000,'石景山区',110100000000),(6,1,110108000000,'海淀区',110100000000),(7,1,110109000000,'门头沟区',110100000000),(8,1,110111000000,'房山区',110100000000),(9,1,110112000000,'通州区',110100000000),(10,1,110113000000,'顺义区',110100000000),(11,1,110114000000,'昌平区',110100000000),(12,1,110115000000,'大兴区',110100000000),(13,1,110116000000,'怀柔区',110100000000),(14,1,110117000000,'平谷区',110100000000),(15,1,110118000000,'密云区',110100000000),(16,1,110119000000,'延庆区',110100000000) ;
insert into area values  (17,2,120101000000,'和平区',120100000000),(18,2,120102000000,'河东区',120100000000),(19,2,120103000000,'河西区',120100000000),(20,2,120104000000,'南开区',120100000000),(21,2,120105000000,'河北区',120100000000),(22,2,120106000000,'红桥区',120100000000),(23,2,120110000000,'东丽区',120100000000),(24,2,120111000000,'西青区',120100000000),(25,2,120112000000,'津南区',120100000000),(26,2,120113000000,'北辰区',120100000000),(27,2,120114000000,'武清区',120100000000),(28,2,120115000000,'宝坻区',120100000000),(29,2,120116000000,'滨海新区',120100000000),(30,2,120117000000,'宁河区',120100000000),(31,2,120118000000,'静海区',120100000000),(32,2,120119000000,'蓟州区',120100000000) ;
insert into area values (33,3,130101000000,'市辖区',130100000000),(34,3,130102000000,'长安区',130100000000),(35,3,130104000000,'桥西区',130100000000),(36,3,130105000000,'新华区',130100000000),(37,3,130107000000,'井陉矿区',130100000000),(38,3,130108000000,'裕华区',130100000000),(39,3,130109000000,'藁城区',130100000000),(40,3,130110000000,'鹿泉区',130100000000),(41,3,130111000000,'栾城区',130100000000),(42,3,130121000000,'井陉县',130100000000),(43,3,130123000000,'正定县',130100000000),(44,3,130125000000,'行唐县',130100000000),(45,3,130126000000,'灵寿县',130100000000),(46,3,130127000000,'高邑县',130100000000),(47,3,130128000000,'深泽县',130100000000),(48,3,130129000000,'赞皇县',130100000000),(49,3,130130000000,'无极县',130100000000),(50,3,130131000000,'平山县',130100000000),(51,3,130132000000,'元氏县',130100000000),(52,3,130133000000,'赵县',130100000000),(53,3,130171000000,'石家庄高新技术产业开发区',130100000000),(54,3,130172000000,'石家庄循环化工园区',130100000000),(55,3,130181000000,'辛集市',130100000000),(56,3,130183000000,'晋州市',130100000000),(57,3,130184000000,'新乐市',130100000000) ;
insert into area values (58,4,130201000000,'市辖区',130200000000),(59,4,130202000000,'路南区',130200000000),(60,4,130203000000,'路北区',130200000000),(61,4,130204000000,'古冶区',130200000000),(62,4,130205000000,'开平区',130200000000),(63,4,130207000000,'丰南区',130200000000),(64,4,130208000000,'丰润区',130200000000),(65,4,130209000000,'曹妃甸区',130200000000),(66,4,130224000000,'滦南县',130200000000),(67,4,130225000000,'乐亭县',130200000000),(68,4,130227000000,'迁西县',130200000000),(69,4,130229000000,'玉田县',130200000000),(70,4,130271000000,'唐山市芦台经济技术开发区',130200000000),(71,4,130272000000,'唐山市汉沽管理区',130200000000),(72,4,130273000000,'唐山高新技术产业开发区',130200000000),(73,4,130274000000,'河北唐山海港经济开发区',130200000000),(74,4,130281000000,'遵化市',130200000000),(75,4,130283000000,'迁安市',130200000000),(76,4,130284000000,'滦州市',130200000000) ;
insert into area values (77,5,130301000000,'市辖区',130300000000),(78,5,130302000000,'海港区',130300000000),(79,5,130303000000,'山海关区',130300000000),(80,5,130304000000,'北戴河区',130300000000),(81,5,130306000000,'抚宁区',130300000000),(82,5,130321000000,'青龙满族自治县',130300000000),(83,5,130322000000,'昌黎县',130300000000),(84,5,130324000000,'卢龙县',130300000000),(85,5,130371000000,'秦皇岛市经济技术开发区',130300000000),(86,5,130372000000,'北戴河新区',130300000000) ;
insert into area values (87,6,130401000000,'市辖区',130400000000),(88,6,130402000000,'邯山区',130400000000),(89,6,130403000000,'丛台区',130400000000),(90,6,130404000000,'复兴区',130400000000),(91,6,130406000000,'峰峰矿区',130400000000),(92,6,130407000000,'肥乡区',130400000000),(93,6,130408000000,'永年区',130400000000),(94,6,130423000000,'临漳县',130400000000),(95,6,130424000000,'成安县',130400000000),(96,6,130425000000,'大名县',130400000000),(97,6,130426000000,'涉县',130400000000),(98,6,130427000000,'磁县',130400000000),(99,6,130430000000,'邱县',130400000000),(100,6,130431000000,'鸡泽县',130400000000),(101,6,130432000000,'广平县',130400000000),(102,6,130433000000,'馆陶县',130400000000),(103,6,130434000000,'魏县',130400000000),(104,6,130435000000,'曲周县',130400000000),(105,6,130471000000,'邯郸经济技术开发区',130400000000),(106,6,130473000000,'邯郸冀南新区',130400000000),(107,6,130481000000,'武安市',130400000000) ;
insert into area values (108,7,130501000000,'市辖区',130500000000),(109,7,130502000000,'桥东区',130500000000),(110,7,130503000000,'桥西区',130500000000),(111,7,130521000000,'邢台县',130500000000),(112,7,130522000000,'临城县',130500000000),(113,7,130523000000,'内丘县',130500000000),(114,7,130524000000,'柏乡县',130500000000),(115,7,130525000000,'隆尧县',130500000000),(116,7,130526000000,'任县',130500000000),(117,7,130527000000,'南和县',130500000000),(118,7,130528000000,'宁晋县',130500000000),(119,7,130529000000,'巨鹿县',130500000000),(120,7,130530000000,'新河县',130500000000),(121,7,130531000000,'广宗县',130500000000),(122,7,130532000000,'平乡县',130500000000),(123,7,130533000000,'威县',130500000000),(124,7,130534000000,'清河县',130500000000),(125,7,130535000000,'临西县',130500000000),(126,7,130571000000,'河北邢台经济开发区',130500000000),(127,7,130581000000,'南宫市',130500000000),(128,7,130582000000,'沙河市',130500000000) ;
insert into area values (129,8,130601000000,'市辖区',130600000000),(130,8,130602000000,'竞秀区',130600000000),(131,8,130606000000,'莲池区',130600000000),(132,8,130607000000,'满城区',130600000000),(133,8,130608000000,'清苑区',130600000000),(134,8,130609000000,'徐水区',130600000000),(135,8,130623000000,'涞水县',130600000000),(136,8,130624000000,'阜平县',130600000000),(137,8,130626000000,'定兴县',130600000000),(138,8,130627000000,'唐县',130600000000),(139,8,130628000000,'高阳县',130600000000),(140,8,130629000000,'容城县',130600000000),(141,8,130630000000,'涞源县',130600000000),(142,8,130631000000,'望都县',130600000000),(143,8,130632000000,'安新县',130600000000),(144,8,130633000000,'易县',130600000000),(145,8,130634000000,'曲阳县',130600000000),(146,8,130635000000,'蠡县',130600000000),(147,8,130636000000,'顺平县',130600000000),(148,8,130637000000,'博野县',130600000000),(149,8,130638000000,'雄县',130600000000),(150,8,130671000000,'保定高新技术产业开发区',130600000000),(151,8,130672000000,'保定白沟新城',130600000000),(152,8,130681000000,'涿州市',130600000000),(153,8,130682000000,'定州市',130600000000),(154,8,130683000000,'安国市',130600000000),(155,8,130684000000,'高碑店市',130600000000) ;
insert into area values (156,9,130701000000,'市辖区',130700000000),(157,9,130702000000,'桥东区',130700000000),(158,9,130703000000,'桥西区',130700000000),(159,9,130705000000,'宣化区',130700000000),(160,9,130706000000,'下花园区',130700000000),(161,9,130708000000,'万全区',130700000000),(162,9,130709000000,'崇礼区',130700000000),(163,9,130722000000,'张北县',130700000000),(164,9,130723000000,'康保县',130700000000),(165,9,130724000000,'沽源县',130700000000),(166,9,130725000000,'尚义县',130700000000),(167,9,130726000000,'蔚县',130700000000),(168,9,130727000000,'阳原县',130700000000),(169,9,130728000000,'怀安县',130700000000),(170,9,130730000000,'怀来县',130700000000),(171,9,130731000000,'涿鹿县',130700000000),(172,9,130732000000,'赤城县',130700000000),(173,9,130771000000,'张家口市高新技术产业开发区',130700000000),(174,9,130772000000,'张家口市察北管理区',130700000000),(175,9,130773000000,'张家口市塞北管理区',130700000000) ;
insert into area values (176,10,130801000000,'市辖区',130800000000),(177,10,130802000000,'双桥区',130800000000),(178,10,130803000000,'双滦区',130800000000),(179,10,130804000000,'鹰手营子矿区',130800000000),(180,10,130821000000,'承德县',130800000000),(181,10,130822000000,'兴隆县',130800000000),(182,10,130824000000,'滦平县',130800000000),(183,10,130825000000,'隆化县',130800000000),(184,10,130826000000,'丰宁满族自治县',130800000000),(185,10,130827000000,'宽城满族自治县',130800000000),(186,10,130828000000,'围场满族蒙古族自治县',130800000000),(187,10,130871000000,'承德高新技术产业开发区',130800000000),(188,10,130881000000,'平泉市',130800000000) ;
insert into area values (189,11,130901000000,'市辖区',130900000000),(190,11,130902000000,'新华区',130900000000),(191,11,130903000000,'运河区',130900000000),(192,11,130921000000,'沧县',130900000000),(193,11,130922000000,'青县',130900000000),(194,11,130923000000,'东光县',130900000000),(195,11,130924000000,'海兴县',130900000000),(196,11,130925000000,'盐山县',130900000000),(197,11,130926000000,'肃宁县',130900000000),(198,11,130927000000,'南皮县',130900000000),(199,11,130928000000,'吴桥县',130900000000),(200,11,130929000000,'献县',130900000000),(201,11,130930000000,'孟村回族自治县',130900000000),(202,11,130971000000,'河北沧州经济开发区',130900000000),(203,11,130972000000,'沧州高新技术产业开发区',130900000000),(204,11,130973000000,'沧州渤海新区',130900000000),(205,11,130981000000,'泊头市',130900000000),(206,11,130982000000,'任丘市',130900000000),(207,11,130983000000,'黄骅市',130900000000),(208,11,130984000000,'河间市',130900000000) ;
insert into area values (209,12,131001000000,'市辖区',131000000000),(210,12,131002000000,'安次区',131000000000),(211,12,131003000000,'广阳区',131000000000),(212,12,131022000000,'固安县',131000000000),(213,12,131023000000,'永清县',131000000000),(214,12,131024000000,'香河县',131000000000),(215,12,131025000000,'大城县',131000000000),(216,12,131026000000,'文安县',131000000000),(217,12,131028000000,'大厂回族自治县',131000000000),(218,12,131071000000,'廊坊经济技术开发区',131000000000),(219,12,131081000000,'霸州市',131000000000),(220,12,131082000000,'三河市',131000000000) ;
insert into area values (221,13,131101000000,'市辖区',131100000000),(222,13,131102000000,'桃城区',131100000000),(223,13,131103000000,'冀州区',131100000000),(224,13,131121000000,'枣强县',131100000000),(225,13,131122000000,'武邑县',131100000000),(226,13,131123000000,'武强县',131100000000),(227,13,131124000000,'饶阳县',131100000000),(228,13,131125000000,'安平县',131100000000),(229,13,131126000000,'故城县',131100000000),(230,13,131127000000,'景县',131100000000),(231,13,131128000000,'阜城县',131100000000),(232,13,131171000000,'河北衡水高新技术产业开发区',131100000000),(233,13,131172000000,'衡水滨湖新区',131100000000),(234,13,131182000000,'深州市',131100000000) ;
insert into area values (235,14,140101000000,'市辖区',140100000000),(236,14,140105000000,'小店区',140100000000),(237,14,140106000000,'迎泽区',140100000000),(238,14,140107000000,'杏花岭区',140100000000),(239,14,140108000000,'尖草坪区',140100000000),(240,14,140109000000,'万柏林区',140100000000),(241,14,140110000000,'晋源区',140100000000),(242,14,140121000000,'清徐县',140100000000),(243,14,140122000000,'阳曲县',140100000000),(244,14,140123000000,'娄烦县',140100000000),(245,14,140171000000,'山西转型综合改革示范区',140100000000),(246,14,140181000000,'古交市',140100000000) ;
insert into area values (247,15,140201000000,'市辖区',140200000000),(248,15,140212000000,'新荣区',140200000000),(249,15,140213000000,'平城区',140200000000),(250,15,140214000000,'云冈区',140200000000),(251,15,140215000000,'云州区',140200000000),(252,15,140221000000,'阳高县',140200000000),(253,15,140222000000,'天镇县',140200000000),(254,15,140223000000,'广灵县',140200000000),(255,15,140224000000,'灵丘县',140200000000),(256,15,140225000000,'浑源县',140200000000),(257,15,140226000000,'左云县',140200000000),(258,15,140271000000,'山西大同经济开发区',140200000000) ;
insert into area values (259,16,140301000000,'市辖区',140300000000),(260,16,140302000000,'城区',140300000000),(261,16,140303000000,'矿区',140300000000),(262,16,140311000000,'郊区',140300000000),(263,16,140321000000,'平定县',140300000000),(264,16,140322000000,'盂县',140300000000) ;
insert into area values (265,17,140401000000,'市辖区',140400000000),(266,17,140403000000,'潞州区',140400000000),(267,17,140404000000,'上党区',140400000000),(268,17,140405000000,'屯留区',140400000000),(269,17,140406000000,'潞城区',140400000000),(270,17,140423000000,'襄垣县',140400000000),(271,17,140425000000,'平顺县',140400000000),(272,17,140426000000,'黎城县',140400000000),(273,17,140427000000,'壶关县',140400000000),(274,17,140428000000,'长子县',140400000000),(275,17,140429000000,'武乡县',140400000000),(276,17,140430000000,'沁县',140400000000),(277,17,140431000000,'沁源县',140400000000),(278,17,140471000000,'山西长治高新技术产业园区',140400000000) ;
insert into area values (279,18,140501000000,'市辖区',140500000000),(280,18,140502000000,'城区',140500000000),(281,18,140521000000,'沁水县',140500000000),(282,18,140522000000,'阳城县',140500000000),(283,18,140524000000,'陵川县',140500000000),(284,18,140525000000,'泽州县',140500000000),(285,18,140581000000,'高平市',140500000000) ;
insert into area values (286,19,140601000000,'市辖区',140600000000),(287,19,140602000000,'朔城区',140600000000),(288,19,140603000000,'平鲁区',140600000000),(289,19,140621000000,'山阴县',140600000000),(290,19,140622000000,'应县',140600000000),(291,19,140623000000,'右玉县',140600000000),(292,19,140671000000,'山西朔州经济开发区',140600000000),(293,19,140681000000,'怀仁市',140600000000) ;
insert into area values (294,20,140701000000,'市辖区',140700000000),(295,20,140702000000,'榆次区',140700000000),(296,20,140721000000,'榆社县',140700000000),(297,20,140722000000,'左权县',140700000000),(298,20,140723000000,'和顺县',140700000000),(299,20,140724000000,'昔阳县',140700000000),(300,20,140725000000,'寿阳县',140700000000),(301,20,140726000000,'太谷县',140700000000),(302,20,140727000000,'祁县',140700000000),(303,20,140728000000,'平遥县',140700000000),(304,20,140729000000,'灵石县',140700000000),(305,20,140781000000,'介休市',140700000000) ;
insert into area values (306,21,140801000000,'市辖区',140800000000),(307,21,140802000000,'盐湖区',140800000000),(308,21,140821000000,'临猗县',140800000000),(309,21,140822000000,'万荣县',140800000000),(310,21,140823000000,'闻喜县',140800000000),(311,21,140824000000,'稷山县',140800000000),(312,21,140825000000,'新绛县',140800000000),(313,21,140826000000,'绛县',140800000000),(314,21,140827000000,'垣曲县',140800000000),(315,21,140828000000,'夏县',140800000000),(316,21,140829000000,'平陆县',140800000000),(317,21,140830000000,'芮城县',140800000000),(318,21,140881000000,'永济市',140800000000),(319,21,140882000000,'河津市',140800000000) ;
insert into area values (320,22,140901000000,'市辖区',140900000000),(321,22,140902000000,'忻府区',140900000000),(322,22,140921000000,'定襄县',140900000000),(323,22,140922000000,'五台县',140900000000),(324,22,140923000000,'代县',140900000000),(325,22,140924000000,'繁峙县',140900000000),(326,22,140925000000,'宁武县',140900000000),(327,22,140926000000,'静乐县',140900000000),(328,22,140927000000,'神池县',140900000000),(329,22,140928000000,'五寨县',140900000000),(330,22,140929000000,'岢岚县',140900000000),(331,22,140930000000,'河曲县',140900000000),(332,22,140931000000,'保德县',140900000000),(333,22,140932000000,'偏关县',140900000000),(334,22,140971000000,'五台山风景名胜区',140900000000),(335,22,140981000000,'原平市',140900000000) ;
insert into area values (336,23,141001000000,'市辖区',141000000000),(337,23,141002000000,'尧都区',141000000000),(338,23,141021000000,'曲沃县',141000000000),(339,23,141022000000,'翼城县',141000000000),(340,23,141023000000,'襄汾县',141000000000),(341,23,141024000000,'洪洞县',141000000000),(342,23,141025000000,'古县',141000000000),(343,23,141026000000,'安泽县',141000000000),(344,23,141027000000,'浮山县',141000000000),(345,23,141028000000,'吉县',141000000000),(346,23,141029000000,'乡宁县',141000000000),(347,23,141030000000,'大宁县',141000000000),(348,23,141031000000,'隰县',141000000000),(349,23,141032000000,'永和县',141000000000),(350,23,141033000000,'蒲县',141000000000),(351,23,141034000000,'汾西县',141000000000),(352,23,141081000000,'侯马市',141000000000),(353,23,141082000000,'霍州市',141000000000) ;
insert into area values (354,24,141101000000,'市辖区',141100000000),(355,24,141102000000,'离石区',141100000000),(356,24,141121000000,'文水县',141100000000),(357,24,141122000000,'交城县',141100000000),(358,24,141123000000,'兴县',141100000000),(359,24,141124000000,'临县',141100000000),(360,24,141125000000,'柳林县',141100000000),(361,24,141126000000,'石楼县',141100000000),(362,24,141127000000,'岚县',141100000000),(363,24,141128000000,'方山县',141100000000),(364,24,141129000000,'中阳县',141100000000),(365,24,141130000000,'交口县',141100000000),(366,24,141181000000,'孝义市',141100000000),(367,24,141182000000,'汾阳市',141100000000) ;
insert into area values (368,25,150101000000,'市辖区',150100000000),(369,25,150102000000,'新城区',150100000000),(370,25,150103000000,'回民区',150100000000),(371,25,150104000000,'玉泉区',150100000000),(372,25,150105000000,'赛罕区',150100000000),(373,25,150121000000,'土默特左旗',150100000000),(374,25,150122000000,'托克托县',150100000000),(375,25,150123000000,'和林格尔县',150100000000),(376,25,150124000000,'清水河县',150100000000),(377,25,150125000000,'武川县',150100000000),(378,25,150171000000,'呼和浩特金海工业园区',150100000000),(379,25,150172000000,'呼和浩特经济技术开发区',150100000000) ;
insert into area values (380,26,150201000000,'市辖区',150200000000),(381,26,150202000000,'东河区',150200000000),(382,26,150203000000,'昆都仑区',150200000000),(383,26,150204000000,'青山区',150200000000),(384,26,150205000000,'石拐区',150200000000),(385,26,150206000000,'白云鄂博矿区',150200000000),(386,26,150207000000,'九原区',150200000000),(387,26,150221000000,'土默特右旗',150200000000),(388,26,150222000000,'固阳县',150200000000),(389,26,150223000000,'达尔罕茂明安联合旗',150200000000),(390,26,150271000000,'包头稀土高新技术产业开发区',150200000000) ;
insert into area values (391,27,150301000000,'市辖区',150300000000),(392,27,150302000000,'海勃湾区',150300000000),(393,27,150303000000,'海南区',150300000000),(394,27,150304000000,'乌达区',150300000000) ;
insert into area values (395,28,150401000000,'市辖区',150400000000),(396,28,150402000000,'红山区',150400000000),(397,28,150403000000,'元宝山区',150400000000),(398,28,150404000000,'松山区',150400000000),(399,28,150421000000,'阿鲁科尔沁旗',150400000000),(400,28,150422000000,'巴林左旗',150400000000),(401,28,150423000000,'巴林右旗',150400000000),(402,28,150424000000,'林西县',150400000000),(403,28,150425000000,'克什克腾旗',150400000000),(404,28,150426000000,'翁牛特旗',150400000000),(405,28,150428000000,'喀喇沁旗',150400000000),(406,28,150429000000,'宁城县',150400000000),(407,28,150430000000,'敖汉旗',150400000000) ;
insert into area values (408,29,150501000000,'市辖区',150500000000),(409,29,150502000000,'科尔沁区',150500000000),(410,29,150521000000,'科尔沁左翼中旗',150500000000),(411,29,150522000000,'科尔沁左翼后旗',150500000000),(412,29,150523000000,'开鲁县',150500000000),(413,29,150524000000,'库伦旗',150500000000),(414,29,150525000000,'奈曼旗',150500000000),(415,29,150526000000,'扎鲁特旗',150500000000),(416,29,150571000000,'通辽经济技术开发区',150500000000),(417,29,150581000000,'霍林郭勒市',150500000000) ;
insert into area values (418,30,150601000000,'市辖区',150600000000),(419,30,150602000000,'东胜区',150600000000),(420,30,150603000000,'康巴什区',150600000000),(421,30,150621000000,'达拉特旗',150600000000),(422,30,150622000000,'准格尔旗',150600000000),(423,30,150623000000,'鄂托克前旗',150600000000),(424,30,150624000000,'鄂托克旗',150600000000),(425,30,150625000000,'杭锦旗',150600000000),(426,30,150626000000,'乌审旗',150600000000),(427,30,150627000000,'伊金霍洛旗',150600000000) ;
insert into area values (428,31,150701000000,'市辖区',150700000000),(429,31,150702000000,'海拉尔区',150700000000),(430,31,150703000000,'扎赉诺尔区',150700000000),(431,31,150721000000,'阿荣旗',150700000000),(432,31,150722000000,'莫力达瓦达斡尔族自治旗',150700000000),(433,31,150723000000,'鄂伦春自治旗',150700000000),(434,31,150724000000,'鄂温克族自治旗',150700000000),(435,31,150725000000,'陈巴尔虎旗',150700000000),(436,31,150726000000,'新巴尔虎左旗',150700000000),(437,31,150727000000,'新巴尔虎右旗',150700000000),(438,31,150781000000,'满洲里市',150700000000),(439,31,150782000000,'牙克石市',150700000000),(440,31,150783000000,'扎兰屯市',150700000000),(441,31,150784000000,'额尔古纳市',150700000000),(442,31,150785000000,'根河市',150700000000) ;
insert into area values (443,32,150801000000,'市辖区',150800000000),(444,32,150802000000,'临河区',150800000000),(445,32,150821000000,'五原县',150800000000),(446,32,150822000000,'磴口县',150800000000),(447,32,150823000000,'乌拉特前旗',150800000000),(448,32,150824000000,'乌拉特中旗',150800000000),(449,32,150825000000,'乌拉特后旗',150800000000),(450,32,150826000000,'杭锦后旗',150800000000) ;
insert into area values (451,33,150901000000,'市辖区',150900000000),(452,33,150902000000,'集宁区',150900000000),(453,33,150921000000,'卓资县',150900000000),(454,33,150922000000,'化德县',150900000000),(455,33,150923000000,'商都县',150900000000),(456,33,150924000000,'兴和县',150900000000),(457,33,150925000000,'凉城县',150900000000),(458,33,150926000000,'察哈尔右翼前旗',150900000000),(459,33,150927000000,'察哈尔右翼中旗',150900000000),(460,33,150928000000,'察哈尔右翼后旗',150900000000),(461,33,150929000000,'四子王旗',150900000000),(462,33,150981000000,'丰镇市',150900000000) ;
insert into area values  (463,34,152201000000,'乌兰浩特市',152200000000),(464,34,152202000000,'阿尔山市',152200000000),(465,34,152221000000,'科尔沁右翼前旗',152200000000),(466,34,152222000000,'科尔沁右翼中旗',152200000000),(467,34,152223000000,'扎赉特旗',152200000000),(468,34,152224000000,'突泉县',152200000000) ;
insert into area values  (469,35,152501000000,'二连浩特市',152500000000),(470,35,152502000000,'锡林浩特市',152500000000),(471,35,152522000000,'阿巴嘎旗',152500000000),(472,35,152523000000,'苏尼特左旗',152500000000),(473,35,152524000000,'苏尼特右旗',152500000000),(474,35,152525000000,'东乌珠穆沁旗',152500000000),(475,35,152526000000,'西乌珠穆沁旗',152500000000),(476,35,152527000000,'太仆寺旗',152500000000),(477,35,152528000000,'镶黄旗',152500000000),(478,35,152529000000,'正镶白旗',152500000000),(479,35,152530000000,'正蓝旗',152500000000),(480,35,152531000000,'多伦县',152500000000),(481,35,152571000000,'乌拉盖管委会',152500000000) ;
insert into area values  (482,36,152921000000,'阿拉善左旗',152900000000),(483,36,152922000000,'阿拉善右旗',152900000000),(484,36,152923000000,'额济纳旗',152900000000),(485,36,152971000000,'内蒙古阿拉善经济开发区',152900000000) ;
insert into area values (486,37,210101000000,'市辖区',210100000000),(487,37,210102000000,'和平区',210100000000),(488,37,210103000000,'沈河区',210100000000),(489,37,210104000000,'大东区',210100000000),(490,37,210105000000,'皇姑区',210100000000),(491,37,210106000000,'铁西区',210100000000),(492,37,210111000000,'苏家屯区',210100000000),(493,37,210112000000,'浑南区',210100000000),(494,37,210113000000,'沈北新区',210100000000),(495,37,210114000000,'于洪区',210100000000),(496,37,210115000000,'辽中区',210100000000),(497,37,210123000000,'康平县',210100000000),(498,37,210124000000,'法库县',210100000000),(499,37,210181000000,'新民市',210100000000) ;
insert into area values (500,38,210201000000,'市辖区',210200000000),(501,38,210202000000,'中山区',210200000000),(502,38,210203000000,'西岗区',210200000000),(503,38,210204000000,'沙河口区',210200000000),(504,38,210211000000,'甘井子区',210200000000),(505,38,210212000000,'旅顺口区',210200000000),(506,38,210213000000,'金州区',210200000000),(507,38,210214000000,'普兰店区',210200000000),(508,38,210224000000,'长海县',210200000000),(509,38,210281000000,'瓦房店市',210200000000),(510,38,210283000000,'庄河市',210200000000) ;
insert into area values (511,39,210301000000,'市辖区',210300000000),(512,39,210302000000,'铁东区',210300000000),(513,39,210303000000,'铁西区',210300000000),(514,39,210304000000,'立山区',210300000000),(515,39,210311000000,'千山区',210300000000),(516,39,210321000000,'台安县',210300000000),(517,39,210323000000,'岫岩满族自治县',210300000000),(518,39,210381000000,'海城市',210300000000) ;
insert into area values (519,40,210401000000,'市辖区',210400000000),(520,40,210402000000,'新抚区',210400000000),(521,40,210403000000,'东洲区',210400000000),(522,40,210404000000,'望花区',210400000000),(523,40,210411000000,'顺城区',210400000000),(524,40,210421000000,'抚顺县',210400000000),(525,40,210422000000,'新宾满族自治县',210400000000),(526,40,210423000000,'清原满族自治县',210400000000) ;
insert into area values (527,41,210501000000,'市辖区',210500000000),(528,41,210502000000,'平山区',210500000000),(529,41,210503000000,'溪湖区',210500000000),(530,41,210504000000,'明山区',210500000000),(531,41,210505000000,'南芬区',210500000000),(532,41,210521000000,'本溪满族自治县',210500000000),(533,41,210522000000,'桓仁满族自治县',210500000000) ;
insert into area values (534,42,210601000000,'市辖区',210600000000),(535,42,210602000000,'元宝区',210600000000),(536,42,210603000000,'振兴区',210600000000),(537,42,210604000000,'振安区',210600000000),(538,42,210624000000,'宽甸满族自治县',210600000000),(539,42,210681000000,'东港市',210600000000),(540,42,210682000000,'凤城市',210600000000) ;
insert into area values (541,43,210701000000,'市辖区',210700000000),(542,43,210702000000,'古塔区',210700000000),(543,43,210703000000,'凌河区',210700000000),(544,43,210711000000,'太和区',210700000000),(545,43,210726000000,'黑山县',210700000000),(546,43,210727000000,'义县',210700000000),(547,43,210781000000,'凌海市',210700000000),(548,43,210782000000,'北镇市',210700000000) ;
insert into area values (549,44,210801000000,'市辖区',210800000000),(550,44,210802000000,'站前区',210800000000),(551,44,210803000000,'西市区',210800000000),(552,44,210804000000,'鲅鱼圈区',210800000000),(553,44,210811000000,'老边区',210800000000),(554,44,210881000000,'盖州市',210800000000),(555,44,210882000000,'大石桥市',210800000000) ;
insert into area values (556,45,210901000000,'市辖区',210900000000),(557,45,210902000000,'海州区',210900000000),(558,45,210903000000,'新邱区',210900000000),(559,45,210904000000,'太平区',210900000000),(560,45,210905000000,'清河门区',210900000000),(561,45,210911000000,'细河区',210900000000),(562,45,210921000000,'阜新蒙古族自治县',210900000000),(563,45,210922000000,'彰武县',210900000000) ;
insert into area values (564,46,211001000000,'市辖区',211000000000),(565,46,211002000000,'白塔区',211000000000),(566,46,211003000000,'文圣区',211000000000),(567,46,211004000000,'宏伟区',211000000000),(568,46,211005000000,'弓长岭区',211000000000),(569,46,211011000000,'太子河区',211000000000),(570,46,211021000000,'辽阳县',211000000000),(571,46,211081000000,'灯塔市',211000000000) ;
insert into area values (572,47,211101000000,'市辖区',211100000000),(573,47,211102000000,'双台子区',211100000000),(574,47,211103000000,'兴隆台区',211100000000),(575,47,211104000000,'大洼区',211100000000),(576,47,211122000000,'盘山县',211100000000) ;
insert into area values (577,48,211201000000,'市辖区',211200000000),(578,48,211202000000,'银州区',211200000000),(579,48,211204000000,'清河区',211200000000),(580,48,211221000000,'铁岭县',211200000000),(581,48,211223000000,'西丰县',211200000000),(582,48,211224000000,'昌图县',211200000000),(583,48,211281000000,'调兵山市',211200000000),(584,48,211282000000,'开原市',211200000000) ;
insert into area values (585,49,211301000000,'市辖区',211300000000),(586,49,211302000000,'双塔区',211300000000),(587,49,211303000000,'龙城区',211300000000),(588,49,211321000000,'朝阳县',211300000000),(589,49,211322000000,'建平县',211300000000),(590,49,211324000000,'喀喇沁左翼蒙古族自治县',211300000000),(591,49,211381000000,'北票市',211300000000),(592,49,211382000000,'凌源市',211300000000) ;
insert into area values (593,50,211401000000,'市辖区',211400000000),(594,50,211402000000,'连山区',211400000000),(595,50,211403000000,'龙港区',211400000000),(596,50,211404000000,'南票区',211400000000),(597,50,211421000000,'绥中县',211400000000),(598,50,211422000000,'建昌县',211400000000),(599,50,211481000000,'兴城市',211400000000) ;
insert into area values (600,51,220101000000,'市辖区',220100000000),(601,51,220102000000,'南关区',220100000000),(602,51,220103000000,'宽城区',220100000000),(603,51,220104000000,'朝阳区',220100000000),(604,51,220105000000,'二道区',220100000000),(605,51,220106000000,'绿园区',220100000000),(606,51,220112000000,'双阳区',220100000000),(607,51,220113000000,'九台区',220100000000),(608,51,220122000000,'农安县',220100000000),(609,51,220171000000,'长春经济技术开发区',220100000000),(610,51,220172000000,'长春净月高新技术产业开发区',220100000000),(611,51,220173000000,'长春高新技术产业开发区',220100000000),(612,51,220174000000,'长春汽车经济技术开发区',220100000000),(613,51,220182000000,'榆树市',220100000000),(614,51,220183000000,'德惠市',220100000000) ;
insert into area values (615,52,220201000000,'市辖区',220200000000),(616,52,220202000000,'昌邑区',220200000000),(617,52,220203000000,'龙潭区',220200000000),(618,52,220204000000,'船营区',220200000000),(619,52,220211000000,'丰满区',220200000000),(620,52,220221000000,'永吉县',220200000000),(621,52,220271000000,'吉林经济开发区',220200000000),(622,52,220272000000,'吉林高新技术产业开发区',220200000000),(623,52,220273000000,'吉林中国新加坡食品区',220200000000),(624,52,220281000000,'蛟河市',220200000000),(625,52,220282000000,'桦甸市',220200000000),(626,52,220283000000,'舒兰市',220200000000),(627,52,220284000000,'磐石市',220200000000) ;
insert into area values (628,53,220301000000,'市辖区',220300000000),(629,53,220302000000,'铁西区',220300000000),(630,53,220303000000,'铁东区',220300000000),(631,53,220322000000,'梨树县',220300000000),(632,53,220323000000,'伊通满族自治县',220300000000),(633,53,220381000000,'公主岭市',220300000000),(634,53,220382000000,'双辽市',220300000000) ;
insert into area values (635,54,220401000000,'市辖区',220400000000),(636,54,220402000000,'龙山区',220400000000),(637,54,220403000000,'西安区',220400000000),(638,54,220421000000,'东丰县',220400000000),(639,54,220422000000,'东辽县',220400000000) ;
insert into area values (640,55,220501000000,'市辖区',220500000000),(641,55,220502000000,'东昌区',220500000000),(642,55,220503000000,'二道江区',220500000000),(643,55,220521000000,'通化县',220500000000),(644,55,220523000000,'辉南县',220500000000),(645,55,220524000000,'柳河县',220500000000),(646,55,220581000000,'梅河口市',220500000000),(647,55,220582000000,'集安市',220500000000) ;
insert into area values (648,56,220601000000,'市辖区',220600000000),(649,56,220602000000,'浑江区',220600000000),(650,56,220605000000,'江源区',220600000000),(651,56,220621000000,'抚松县',220600000000),(652,56,220622000000,'靖宇县',220600000000),(653,56,220623000000,'长白朝鲜族自治县',220600000000),(654,56,220681000000,'临江市',220600000000) ;
insert into area values (655,57,220701000000,'市辖区',220700000000),(656,57,220702000000,'宁江区',220700000000),(657,57,220721000000,'前郭尔罗斯蒙古族自治县',220700000000),(658,57,220722000000,'长岭县',220700000000),(659,57,220723000000,'乾安县',220700000000),(660,57,220771000000,'吉林松原经济开发区',220700000000),(661,57,220781000000,'扶余市',220700000000) ;
insert into area values (662,58,220801000000,'市辖区',220800000000),(663,58,220802000000,'洮北区',220800000000),(664,58,220821000000,'镇赉县',220800000000),(665,58,220822000000,'通榆县',220800000000),(666,58,220871000000,'吉林白城经济开发区',220800000000),(667,58,220881000000,'洮南市',220800000000),(668,58,220882000000,'大安市',220800000000) ;
insert into area values  (669,59,222401000000,'延吉市',222400000000),(670,59,222402000000,'图们市',222400000000),(671,59,222403000000,'敦化市',222400000000),(672,59,222404000000,'珲春市',222400000000),(673,59,222405000000,'龙井市',222400000000),(674,59,222406000000,'和龙市',222400000000),(675,59,222424000000,'汪清县',222400000000),(676,59,222426000000,'安图县',222400000000) ;
insert into area values (677,60,230101000000,'市辖区',230100000000),(678,60,230102000000,'道里区',230100000000),(679,60,230103000000,'南岗区',230100000000),(680,60,230104000000,'道外区',230100000000),(681,60,230108000000,'平房区',230100000000),(682,60,230109000000,'松北区',230100000000),(683,60,230110000000,'香坊区',230100000000),(684,60,230111000000,'呼兰区',230100000000),(685,60,230112000000,'阿城区',230100000000),(686,60,230113000000,'双城区',230100000000),(687,60,230123000000,'依兰县',230100000000),(688,60,230124000000,'方正县',230100000000),(689,60,230125000000,'宾县',230100000000),(690,60,230126000000,'巴彦县',230100000000),(691,60,230127000000,'木兰县',230100000000),(692,60,230128000000,'通河县',230100000000),(693,60,230129000000,'延寿县',230100000000),(694,60,230183000000,'尚志市',230100000000),(695,60,230184000000,'五常市',230100000000) ;
insert into area values (696,61,230201000000,'市辖区',230200000000),(697,61,230202000000,'龙沙区',230200000000),(698,61,230203000000,'建华区',230200000000),(699,61,230204000000,'铁锋区',230200000000),(700,61,230205000000,'昂昂溪区',230200000000),(701,61,230206000000,'富拉尔基区',230200000000),(702,61,230207000000,'碾子山区',230200000000),(703,61,230208000000,'梅里斯达斡尔族区',230200000000),(704,61,230221000000,'龙江县',230200000000),(705,61,230223000000,'依安县',230200000000),(706,61,230224000000,'泰来县',230200000000),(707,61,230225000000,'甘南县',230200000000),(708,61,230227000000,'富裕县',230200000000),(709,61,230229000000,'克山县',230200000000),(710,61,230230000000,'克东县',230200000000),(711,61,230231000000,'拜泉县',230200000000),(712,61,230281000000,'讷河市',230200000000) ;
insert into area values (713,62,230301000000,'市辖区',230300000000),(714,62,230302000000,'鸡冠区',230300000000),(715,62,230303000000,'恒山区',230300000000),(716,62,230304000000,'滴道区',230300000000),(717,62,230305000000,'梨树区',230300000000),(718,62,230306000000,'城子河区',230300000000),(719,62,230307000000,'麻山区',230300000000),(720,62,230321000000,'鸡东县',230300000000),(721,62,230381000000,'虎林市',230300000000),(722,62,230382000000,'密山市',230300000000) ;
insert into area values (723,63,230401000000,'市辖区',230400000000),(724,63,230402000000,'向阳区',230400000000),(725,63,230403000000,'工农区',230400000000),(726,63,230404000000,'南山区',230400000000),(727,63,230405000000,'兴安区',230400000000),(728,63,230406000000,'东山区',230400000000),(729,63,230407000000,'兴山区',230400000000),(730,63,230421000000,'萝北县',230400000000),(731,63,230422000000,'绥滨县',230400000000) ;
insert into area values (732,64,230501000000,'市辖区',230500000000),(733,64,230502000000,'尖山区',230500000000),(734,64,230503000000,'岭东区',230500000000),(735,64,230505000000,'四方台区',230500000000),(736,64,230506000000,'宝山区',230500000000),(737,64,230521000000,'集贤县',230500000000),(738,64,230522000000,'友谊县',230500000000),(739,64,230523000000,'宝清县',230500000000),(740,64,230524000000,'饶河县',230500000000) ;
insert into area values (741,65,230601000000,'市辖区',230600000000),(742,65,230602000000,'萨尔图区',230600000000),(743,65,230603000000,'龙凤区',230600000000),(744,65,230604000000,'让胡路区',230600000000),(745,65,230605000000,'红岗区',230600000000),(746,65,230606000000,'大同区',230600000000),(747,65,230621000000,'肇州县',230600000000),(748,65,230622000000,'肇源县',230600000000),(749,65,230623000000,'林甸县',230600000000),(750,65,230624000000,'杜尔伯特蒙古族自治县',230600000000),(751,65,230671000000,'大庆高新技术产业开发区',230600000000) ;
insert into area values (752,66,230701000000,'市辖区',230700000000),(753,66,230702000000,'伊春区',230700000000),(754,66,230703000000,'南岔区',230700000000),(755,66,230704000000,'友好区',230700000000),(756,66,230705000000,'西林区',230700000000),(757,66,230706000000,'翠峦区',230700000000),(758,66,230707000000,'新青区',230700000000),(759,66,230708000000,'美溪区',230700000000),(760,66,230709000000,'金山屯区',230700000000),(761,66,230710000000,'五营区',230700000000),(762,66,230711000000,'乌马河区',230700000000),(763,66,230712000000,'汤旺河区',230700000000),(764,66,230713000000,'带岭区',230700000000),(765,66,230714000000,'乌伊岭区',230700000000),(766,66,230715000000,'红星区',230700000000),(767,66,230716000000,'上甘岭区',230700000000),(768,66,230722000000,'嘉荫县',230700000000),(769,66,230781000000,'铁力市',230700000000) ;
insert into area values (770,67,230801000000,'市辖区',230800000000),(771,67,230803000000,'向阳区',230800000000),(772,67,230804000000,'前进区',230800000000),(773,67,230805000000,'东风区',230800000000),(774,67,230811000000,'郊区',230800000000),(775,67,230822000000,'桦南县',230800000000),(776,67,230826000000,'桦川县',230800000000),(777,67,230828000000,'汤原县',230800000000),(778,67,230881000000,'同江市',230800000000),(779,67,230882000000,'富锦市',230800000000),(780,67,230883000000,'抚远市',230800000000) ;
insert into area values (781,68,230901000000,'市辖区',230900000000),(782,68,230902000000,'新兴区',230900000000),(783,68,230903000000,'桃山区',230900000000),(784,68,230904000000,'茄子河区',230900000000),(785,68,230921000000,'勃利县',230900000000) ;
insert into area values (786,69,231001000000,'市辖区',231000000000),(787,69,231002000000,'东安区',231000000000),(788,69,231003000000,'阳明区',231000000000),(789,69,231004000000,'爱民区',231000000000),(790,69,231005000000,'西安区',231000000000),(791,69,231025000000,'林口县',231000000000),(792,69,231071000000,'牡丹江经济技术开发区',231000000000),(793,69,231081000000,'绥芬河市',231000000000),(794,69,231083000000,'海林市',231000000000),(795,69,231084000000,'宁安市',231000000000),(796,69,231085000000,'穆棱市',231000000000),(797,69,231086000000,'东宁市',231000000000) ;
insert into area values (798,70,231101000000,'市辖区',231100000000),(799,70,231102000000,'爱辉区',231100000000),(800,70,231121000000,'嫩江县',231100000000),(801,70,231123000000,'逊克县',231100000000),(802,70,231124000000,'孙吴县',231100000000),(803,70,231181000000,'北安市',231100000000),(804,70,231182000000,'五大连池市',231100000000) ;
insert into area values (805,71,231201000000,'市辖区',231200000000),(806,71,231202000000,'北林区',231200000000),(807,71,231221000000,'望奎县',231200000000),(808,71,231222000000,'兰西县',231200000000),(809,71,231223000000,'青冈县',231200000000),(810,71,231224000000,'庆安县',231200000000),(811,71,231225000000,'明水县',231200000000),(812,71,231226000000,'绥棱县',231200000000),(813,71,231281000000,'安达市',231200000000),(814,71,231282000000,'肇东市',231200000000),(815,71,231283000000,'海伦市',231200000000) ;
insert into area values  (816,72,232701000000,'漠河市',232700000000),(817,72,232721000000,'呼玛县',232700000000),(818,72,232722000000,'塔河县',232700000000),(819,72,232761000000,'加格达奇区',232700000000),(820,72,232762000000,'松岭区',232700000000),(821,72,232763000000,'新林区',232700000000),(822,72,232764000000,'呼中区',232700000000) ;
insert into area values  (823,73,310101000000,'黄浦区',310100000000),(824,73,310104000000,'徐汇区',310100000000),(825,73,310105000000,'长宁区',310100000000),(826,73,310106000000,'静安区',310100000000),(827,73,310107000000,'普陀区',310100000000),(828,73,310109000000,'虹口区',310100000000),(829,73,310110000000,'杨浦区',310100000000),(830,73,310112000000,'闵行区',310100000000),(831,73,310113000000,'宝山区',310100000000),(832,73,310114000000,'嘉定区',310100000000),(833,73,310115000000,'浦东新区',310100000000),(834,73,310116000000,'金山区',310100000000),(835,73,310117000000,'松江区',310100000000),(836,73,310118000000,'青浦区',310100000000),(837,73,310120000000,'奉贤区',310100000000),(838,73,310151000000,'崇明区',310100000000) ;
insert into area values (839,74,320101000000,'市辖区',320100000000),(840,74,320102000000,'玄武区',320100000000),(841,74,320104000000,'秦淮区',320100000000),(842,74,320105000000,'建邺区',320100000000),(843,74,320106000000,'鼓楼区',320100000000),(844,74,320111000000,'浦口区',320100000000),(845,74,320113000000,'栖霞区',320100000000),(846,74,320114000000,'雨花台区',320100000000),(847,74,320115000000,'江宁区',320100000000),(848,74,320116000000,'六合区',320100000000),(849,74,320117000000,'溧水区',320100000000),(850,74,320118000000,'高淳区',320100000000) ;
insert into area values (851,75,320201000000,'市辖区',320200000000),(852,75,320205000000,'锡山区',320200000000),(853,75,320206000000,'惠山区',320200000000),(854,75,320211000000,'滨湖区',320200000000),(855,75,320213000000,'梁溪区',320200000000),(856,75,320214000000,'新吴区',320200000000),(857,75,320281000000,'江阴市',320200000000),(858,75,320282000000,'宜兴市',320200000000) ;
insert into area values (859,76,320301000000,'市辖区',320300000000),(860,76,320302000000,'鼓楼区',320300000000),(861,76,320303000000,'云龙区',320300000000),(862,76,320305000000,'贾汪区',320300000000),(863,76,320311000000,'泉山区',320300000000),(864,76,320312000000,'铜山区',320300000000),(865,76,320321000000,'丰县',320300000000),(866,76,320322000000,'沛县',320300000000),(867,76,320324000000,'睢宁县',320300000000),(868,76,320371000000,'徐州经济技术开发区',320300000000),(869,76,320381000000,'新沂市',320300000000),(870,76,320382000000,'邳州市',320300000000) ;
insert into area values (871,77,320401000000,'市辖区',320400000000),(872,77,320402000000,'天宁区',320400000000),(873,77,320404000000,'钟楼区',320400000000),(874,77,320411000000,'新北区',320400000000),(875,77,320412000000,'武进区',320400000000),(876,77,320413000000,'金坛区',320400000000),(877,77,320481000000,'溧阳市',320400000000) ;
insert into area values (878,78,320501000000,'市辖区',320500000000),(879,78,320505000000,'虎丘区',320500000000),(880,78,320506000000,'吴中区',320500000000),(881,78,320507000000,'相城区',320500000000),(882,78,320508000000,'姑苏区',320500000000),(883,78,320509000000,'吴江区',320500000000),(884,78,320571000000,'苏州工业园区',320500000000),(885,78,320581000000,'常熟市',320500000000),(886,78,320582000000,'张家港市',320500000000),(887,78,320583000000,'昆山市',320500000000),(888,78,320585000000,'太仓市',320500000000) ;
insert into area values (889,79,320601000000,'市辖区',320600000000),(890,79,320602000000,'崇川区',320600000000),(891,79,320611000000,'港闸区',320600000000),(892,79,320612000000,'通州区',320600000000),(893,79,320623000000,'如东县',320600000000),(894,79,320671000000,'南通经济技术开发区',320600000000),(895,79,320681000000,'启东市',320600000000),(896,79,320682000000,'如皋市',320600000000),(897,79,320684000000,'海门市',320600000000),(898,79,320685000000,'海安市',320600000000) ;
insert into area values (899,80,320701000000,'市辖区',320700000000),(900,80,320703000000,'连云区',320700000000),(901,80,320706000000,'海州区',320700000000),(902,80,320707000000,'赣榆区',320700000000),(903,80,320722000000,'东海县',320700000000),(904,80,320723000000,'灌云县',320700000000),(905,80,320724000000,'灌南县',320700000000),(906,80,320771000000,'连云港经济技术开发区',320700000000),(907,80,320772000000,'连云港高新技术产业开发区',320700000000) ;
insert into area values (908,81,320801000000,'市辖区',320800000000),(909,81,320803000000,'淮安区',320800000000),(910,81,320804000000,'淮阴区',320800000000),(911,81,320812000000,'清江浦区',320800000000),(912,81,320813000000,'洪泽区',320800000000),(913,81,320826000000,'涟水县',320800000000),(914,81,320830000000,'盱眙县',320800000000),(915,81,320831000000,'金湖县',320800000000),(916,81,320871000000,'淮安经济技术开发区',320800000000) ;
insert into area values (917,82,320901000000,'市辖区',320900000000),(918,82,320902000000,'亭湖区',320900000000),(919,82,320903000000,'盐都区',320900000000),(920,82,320904000000,'大丰区',320900000000),(921,82,320921000000,'响水县',320900000000),(922,82,320922000000,'滨海县',320900000000),(923,82,320923000000,'阜宁县',320900000000),(924,82,320924000000,'射阳县',320900000000),(925,82,320925000000,'建湖县',320900000000),(926,82,320971000000,'盐城经济技术开发区',320900000000),(927,82,320981000000,'东台市',320900000000) ;
insert into area values (928,83,321001000000,'市辖区',321000000000),(929,83,321002000000,'广陵区',321000000000),(930,83,321003000000,'邗江区',321000000000),(931,83,321012000000,'江都区',321000000000),(932,83,321023000000,'宝应县',321000000000),(933,83,321071000000,'扬州经济技术开发区',321000000000),(934,83,321081000000,'仪征市',321000000000),(935,83,321084000000,'高邮市',321000000000) ;
insert into area values (936,84,321101000000,'市辖区',321100000000),(937,84,321102000000,'京口区',321100000000),(938,84,321111000000,'润州区',321100000000),(939,84,321112000000,'丹徒区',321100000000),(940,84,321171000000,'镇江新区',321100000000),(941,84,321181000000,'丹阳市',321100000000),(942,84,321182000000,'扬中市',321100000000),(943,84,321183000000,'句容市',321100000000) ;
insert into area values (944,85,321201000000,'市辖区',321200000000),(945,85,321202000000,'海陵区',321200000000),(946,85,321203000000,'高港区',321200000000),(947,85,321204000000,'姜堰区',321200000000),(948,85,321271000000,'泰州医药高新技术产业开发区',321200000000),(949,85,321281000000,'兴化市',321200000000),(950,85,321282000000,'靖江市',321200000000),(951,85,321283000000,'泰兴市',321200000000) ;
insert into area values (952,86,321301000000,'市辖区',321300000000),(953,86,321302000000,'宿城区',321300000000),(954,86,321311000000,'宿豫区',321300000000),(955,86,321322000000,'沭阳县',321300000000),(956,86,321323000000,'泗阳县',321300000000),(957,86,321324000000,'泗洪县',321300000000),(958,86,321371000000,'宿迁经济技术开发区',321300000000) ;
insert into area values (959,87,330101000000,'市辖区',330100000000),(960,87,330102000000,'上城区',330100000000),(961,87,330103000000,'下城区',330100000000),(962,87,330104000000,'江干区',330100000000),(963,87,330105000000,'拱墅区',330100000000),(964,87,330106000000,'西湖区',330100000000),(965,87,330108000000,'滨江区',330100000000),(966,87,330109000000,'萧山区',330100000000),(967,87,330110000000,'余杭区',330100000000),(968,87,330111000000,'富阳区',330100000000),(969,87,330112000000,'临安区',330100000000),(970,87,330122000000,'桐庐县',330100000000),(971,87,330127000000,'淳安县',330100000000),(972,87,330182000000,'建德市',330100000000) ;
insert into area values (973,88,330201000000,'市辖区',330200000000),(974,88,330203000000,'海曙区',330200000000),(975,88,330205000000,'江北区',330200000000),(976,88,330206000000,'北仑区',330200000000),(977,88,330211000000,'镇海区',330200000000),(978,88,330212000000,'鄞州区',330200000000),(979,88,330213000000,'奉化区',330200000000),(980,88,330225000000,'象山县',330200000000),(981,88,330226000000,'宁海县',330200000000),(982,88,330281000000,'余姚市',330200000000),(983,88,330282000000,'慈溪市',330200000000) ;
insert into area values (984,89,330301000000,'市辖区',330300000000),(985,89,330302000000,'鹿城区',330300000000),(986,89,330303000000,'龙湾区',330300000000),(987,89,330304000000,'瓯海区',330300000000),(988,89,330305000000,'洞头区',330300000000),(989,89,330324000000,'永嘉县',330300000000),(990,89,330326000000,'平阳县',330300000000),(991,89,330327000000,'苍南县',330300000000),(992,89,330328000000,'文成县',330300000000),(993,89,330329000000,'泰顺县',330300000000),(994,89,330371000000,'温州经济技术开发区',330300000000),(995,89,330381000000,'瑞安市',330300000000),(996,89,330382000000,'乐清市',330300000000) ;
insert into area values (997,90,330401000000,'市辖区',330400000000),(998,90,330402000000,'南湖区',330400000000),(999,90,330411000000,'秀洲区',330400000000),(1000,90,330421000000,'嘉善县',330400000000),(1001,90,330424000000,'海盐县',330400000000),(1002,90,330481000000,'海宁市',330400000000),(1003,90,330482000000,'平湖市',330400000000),(1004,90,330483000000,'桐乡市',330400000000) ;
insert into area values (1005,91,330501000000,'市辖区',330500000000),(1006,91,330502000000,'吴兴区',330500000000),(1007,91,330503000000,'南浔区',330500000000),(1008,91,330521000000,'德清县',330500000000),(1009,91,330522000000,'长兴县',330500000000),(1010,91,330523000000,'安吉县',330500000000) ;
insert into area values (1011,92,330601000000,'市辖区',330600000000),(1012,92,330602000000,'越城区',330600000000),(1013,92,330603000000,'柯桥区',330600000000),(1014,92,330604000000,'上虞区',330600000000),(1015,92,330624000000,'新昌县',330600000000),(1016,92,330681000000,'诸暨市',330600000000),(1017,92,330683000000,'嵊州市',330600000000) ;
insert into area values (1018,93,330701000000,'市辖区',330700000000),(1019,93,330702000000,'婺城区',330700000000),(1020,93,330703000000,'金东区',330700000000),(1021,93,330723000000,'武义县',330700000000),(1022,93,330726000000,'浦江县',330700000000),(1023,93,330727000000,'磐安县',330700000000),(1024,93,330781000000,'兰溪市',330700000000),(1025,93,330782000000,'义乌市',330700000000),(1026,93,330783000000,'东阳市',330700000000),(1027,93,330784000000,'永康市',330700000000) ;
insert into area values (1028,94,330801000000,'市辖区',330800000000),(1029,94,330802000000,'柯城区',330800000000),(1030,94,330803000000,'衢江区',330800000000),(1031,94,330822000000,'常山县',330800000000),(1032,94,330824000000,'开化县',330800000000),(1033,94,330825000000,'龙游县',330800000000),(1034,94,330881000000,'江山市',330800000000) ;
insert into area values (1035,95,330901000000,'市辖区',330900000000),(1036,95,330902000000,'定海区',330900000000),(1037,95,330903000000,'普陀区',330900000000),(1038,95,330921000000,'岱山县',330900000000),(1039,95,330922000000,'嵊泗县',330900000000) ;
insert into area values (1040,96,331001000000,'市辖区',331000000000),(1041,96,331002000000,'椒江区',331000000000),(1042,96,331003000000,'黄岩区',331000000000),(1043,96,331004000000,'路桥区',331000000000),(1044,96,331022000000,'三门县',331000000000),(1045,96,331023000000,'天台县',331000000000),(1046,96,331024000000,'仙居县',331000000000),(1047,96,331081000000,'温岭市',331000000000),(1048,96,331082000000,'临海市',331000000000),(1049,96,331083000000,'玉环市',331000000000) ;
insert into area values (1050,97,331101000000,'市辖区',331100000000),(1051,97,331102000000,'莲都区',331100000000),(1052,97,331121000000,'青田县',331100000000),(1053,97,331122000000,'缙云县',331100000000),(1054,97,331123000000,'遂昌县',331100000000),(1055,97,331124000000,'松阳县',331100000000),(1056,97,331125000000,'云和县',331100000000),(1057,97,331126000000,'庆元县',331100000000),(1058,97,331127000000,'景宁畲族自治县',331100000000),(1059,97,331181000000,'龙泉市',331100000000) ;
insert into area values (1060,98,340101000000,'市辖区',340100000000),(1061,98,340102000000,'瑶海区',340100000000),(1062,98,340103000000,'庐阳区',340100000000),(1063,98,340104000000,'蜀山区',340100000000),(1064,98,340111000000,'包河区',340100000000),(1065,98,340121000000,'长丰县',340100000000),(1066,98,340122000000,'肥东县',340100000000),(1067,98,340123000000,'肥西县',340100000000),(1068,98,340124000000,'庐江县',340100000000),(1069,98,340171000000,'合肥高新技术产业开发区',340100000000),(1070,98,340172000000,'合肥经济技术开发区',340100000000),(1071,98,340173000000,'合肥新站高新技术产业开发区',340100000000),(1072,98,340181000000,'巢湖市',340100000000) ;
insert into area values (1073,99,340201000000,'市辖区',340200000000),(1074,99,340202000000,'镜湖区',340200000000),(1075,99,340203000000,'弋江区',340200000000),(1076,99,340207000000,'鸠江区',340200000000),(1077,99,340208000000,'三山区',340200000000),(1078,99,340221000000,'芜湖县',340200000000),(1079,99,340222000000,'繁昌县',340200000000),(1080,99,340223000000,'南陵县',340200000000),(1081,99,340225000000,'无为县',340200000000),(1082,99,340271000000,'芜湖经济技术开发区',340200000000),(1083,99,340272000000,'安徽芜湖长江大桥经济开发区',340200000000) ;
insert into area values (1084,100,340301000000,'市辖区',340300000000),(1085,100,340302000000,'龙子湖区',340300000000),(1086,100,340303000000,'蚌山区',340300000000),(1087,100,340304000000,'禹会区',340300000000),(1088,100,340311000000,'淮上区',340300000000),(1089,100,340321000000,'怀远县',340300000000),(1090,100,340322000000,'五河县',340300000000),(1091,100,340323000000,'固镇县',340300000000),(1092,100,340371000000,'蚌埠市高新技术开发区',340300000000),(1093,100,340372000000,'蚌埠市经济开发区',340300000000) ;
insert into area values (1094,101,340401000000,'市辖区',340400000000),(1095,101,340402000000,'大通区',340400000000),(1096,101,340403000000,'田家庵区',340400000000),(1097,101,340404000000,'谢家集区',340400000000),(1098,101,340405000000,'八公山区',340400000000),(1099,101,340406000000,'潘集区',340400000000),(1100,101,340421000000,'凤台县',340400000000),(1101,101,340422000000,'寿县',340400000000) ;
insert into area values (1102,102,340501000000,'市辖区',340500000000),(1103,102,340503000000,'花山区',340500000000),(1104,102,340504000000,'雨山区',340500000000),(1105,102,340506000000,'博望区',340500000000),(1106,102,340521000000,'当涂县',340500000000),(1107,102,340522000000,'含山县',340500000000),(1108,102,340523000000,'和县',340500000000) ;
insert into area values (1109,103,340601000000,'市辖区',340600000000),(1110,103,340602000000,'杜集区',340600000000),(1111,103,340603000000,'相山区',340600000000),(1112,103,340604000000,'烈山区',340600000000),(1113,103,340621000000,'濉溪县',340600000000) ;
insert into area values (1114,104,340701000000,'市辖区',340700000000),(1115,104,340705000000,'铜官区',340700000000),(1116,104,340706000000,'义安区',340700000000),(1117,104,340711000000,'郊区',340700000000),(1118,104,340722000000,'枞阳县',340700000000) ;
insert into area values (1119,105,340801000000,'市辖区',340800000000),(1120,105,340802000000,'迎江区',340800000000),(1121,105,340803000000,'大观区',340800000000),(1122,105,340811000000,'宜秀区',340800000000),(1123,105,340822000000,'怀宁县',340800000000),(1124,105,340825000000,'太湖县',340800000000),(1125,105,340826000000,'宿松县',340800000000),(1126,105,340827000000,'望江县',340800000000),(1127,105,340828000000,'岳西县',340800000000),(1128,105,340871000000,'安徽安庆经济开发区',340800000000),(1129,105,340881000000,'桐城市',340800000000),(1130,105,340882000000,'潜山市',340800000000) ;
insert into area values (1131,106,341001000000,'市辖区',341000000000),(1132,106,341002000000,'屯溪区',341000000000),(1133,106,341003000000,'黄山区',341000000000),(1134,106,341004000000,'徽州区',341000000000),(1135,106,341021000000,'歙县',341000000000),(1136,106,341022000000,'休宁县',341000000000),(1137,106,341023000000,'黟县',341000000000),(1138,106,341024000000,'祁门县',341000000000) ;
insert into area values (1139,107,341101000000,'市辖区',341100000000),(1140,107,341102000000,'琅琊区',341100000000),(1141,107,341103000000,'南谯区',341100000000),(1142,107,341122000000,'来安县',341100000000),(1143,107,341124000000,'全椒县',341100000000),(1144,107,341125000000,'定远县',341100000000),(1145,107,341126000000,'凤阳县',341100000000),(1146,107,341171000000,'苏滁现代产业园',341100000000),(1147,107,341172000000,'滁州经济技术开发区',341100000000),(1148,107,341181000000,'天长市',341100000000),(1149,107,341182000000,'明光市',341100000000) ;
insert into area values (1150,108,341201000000,'市辖区',341200000000),(1151,108,341202000000,'颍州区',341200000000),(1152,108,341203000000,'颍东区',341200000000),(1153,108,341204000000,'颍泉区',341200000000),(1154,108,341221000000,'临泉县',341200000000),(1155,108,341222000000,'太和县',341200000000),(1156,108,341225000000,'阜南县',341200000000),(1157,108,341226000000,'颍上县',341200000000),(1158,108,341271000000,'阜阳合肥现代产业园区',341200000000),(1159,108,341272000000,'阜阳经济技术开发区',341200000000),(1160,108,341282000000,'界首市',341200000000) ;
insert into area values (1161,109,341301000000,'市辖区',341300000000),(1162,109,341302000000,'埇桥区',341300000000),(1163,109,341321000000,'砀山县',341300000000),(1164,109,341322000000,'萧县',341300000000),(1165,109,341323000000,'灵璧县',341300000000),(1166,109,341324000000,'泗县',341300000000),(1167,109,341371000000,'宿州马鞍山现代产业园区',341300000000),(1168,109,341372000000,'宿州经济技术开发区',341300000000) ;
insert into area values (1169,110,341501000000,'市辖区',341500000000),(1170,110,341502000000,'金安区',341500000000),(1171,110,341503000000,'裕安区',341500000000),(1172,110,341504000000,'叶集区',341500000000),(1173,110,341522000000,'霍邱县',341500000000),(1174,110,341523000000,'舒城县',341500000000),(1175,110,341524000000,'金寨县',341500000000),(1176,110,341525000000,'霍山县',341500000000) ;
insert into area values (1177,111,341601000000,'市辖区',341600000000),(1178,111,341602000000,'谯城区',341600000000),(1179,111,341621000000,'涡阳县',341600000000),(1180,111,341622000000,'蒙城县',341600000000),(1181,111,341623000000,'利辛县',341600000000) ;
insert into area values (1182,112,341701000000,'市辖区',341700000000),(1183,112,341702000000,'贵池区',341700000000),(1184,112,341721000000,'东至县',341700000000),(1185,112,341722000000,'石台县',341700000000),(1186,112,341723000000,'青阳县',341700000000) ;
insert into area values (1187,113,341801000000,'市辖区',341800000000),(1188,113,341802000000,'宣州区',341800000000),(1189,113,341821000000,'郎溪县',341800000000),(1190,113,341822000000,'广德县',341800000000),(1191,113,341823000000,'泾县',341800000000),(1192,113,341824000000,'绩溪县',341800000000),(1193,113,341825000000,'旌德县',341800000000),(1194,113,341871000000,'宣城市经济开发区',341800000000),(1195,113,341881000000,'宁国市',341800000000) ;
insert into area values (1196,114,350101000000,'市辖区',350100000000),(1197,114,350102000000,'鼓楼区',350100000000),(1198,114,350103000000,'台江区',350100000000),(1199,114,350104000000,'仓山区',350100000000),(1200,114,350105000000,'马尾区',350100000000),(1201,114,350111000000,'晋安区',350100000000),(1202,114,350112000000,'长乐区',350100000000),(1203,114,350121000000,'闽侯县',350100000000),(1204,114,350122000000,'连江县',350100000000),(1205,114,350123000000,'罗源县',350100000000),(1206,114,350124000000,'闽清县',350100000000),(1207,114,350125000000,'永泰县',350100000000),(1208,114,350128000000,'平潭县',350100000000),(1209,114,350181000000,'福清市',350100000000) ;
insert into area values (1210,115,350201000000,'市辖区',350200000000),(1211,115,350203000000,'思明区',350200000000),(1212,115,350205000000,'海沧区',350200000000),(1213,115,350206000000,'湖里区',350200000000),(1214,115,350211000000,'集美区',350200000000),(1215,115,350212000000,'同安区',350200000000),(1216,115,350213000000,'翔安区',350200000000) ;
insert into area values (1217,116,350301000000,'市辖区',350300000000),(1218,116,350302000000,'城厢区',350300000000),(1219,116,350303000000,'涵江区',350300000000),(1220,116,350304000000,'荔城区',350300000000),(1221,116,350305000000,'秀屿区',350300000000),(1222,116,350322000000,'仙游县',350300000000) ;
insert into area values (1223,117,350401000000,'市辖区',350400000000),(1224,117,350402000000,'梅列区',350400000000),(1225,117,350403000000,'三元区',350400000000),(1226,117,350421000000,'明溪县',350400000000),(1227,117,350423000000,'清流县',350400000000),(1228,117,350424000000,'宁化县',350400000000),(1229,117,350425000000,'大田县',350400000000),(1230,117,350426000000,'尤溪县',350400000000),(1231,117,350427000000,'沙县',350400000000),(1232,117,350428000000,'将乐县',350400000000),(1233,117,350429000000,'泰宁县',350400000000),(1234,117,350430000000,'建宁县',350400000000),(1235,117,350481000000,'永安市',350400000000) ;
insert into area values (1236,118,350501000000,'市辖区',350500000000),(1237,118,350527000000,'金门县',350500000000),(1238,118,350502000000,'鲤城区',350500000000),(1239,118,350503000000,'丰泽区',350500000000),(1240,118,350504000000,'洛江区',350500000000),(1241,118,350505000000,'泉港区',350500000000),(1242,118,350521000000,'惠安县',350500000000),(1243,118,350524000000,'安溪县',350500000000),(1244,118,350525000000,'永春县',350500000000),(1245,118,350526000000,'德化县',350500000000),(1246,118,350581000000,'石狮市',350500000000),(1247,118,350582000000,'晋江市',350500000000),(1248,118,350583000000,'南安市',350500000000) ;
insert into area values (1249,119,350601000000,'市辖区',350600000000),(1250,119,350602000000,'芗城区',350600000000),(1251,119,350603000000,'龙文区',350600000000),(1252,119,350622000000,'云霄县',350600000000),(1253,119,350623000000,'漳浦县',350600000000),(1254,119,350624000000,'诏安县',350600000000),(1255,119,350625000000,'长泰县',350600000000),(1256,119,350626000000,'东山县',350600000000),(1257,119,350627000000,'南靖县',350600000000),(1258,119,350628000000,'平和县',350600000000),(1259,119,350629000000,'华安县',350600000000),(1260,119,350681000000,'龙海市',350600000000) ;
insert into area values (1261,120,350701000000,'市辖区',350700000000),(1262,120,350702000000,'延平区',350700000000),(1263,120,350703000000,'建阳区',350700000000),(1264,120,350721000000,'顺昌县',350700000000),(1265,120,350722000000,'浦城县',350700000000),(1266,120,350723000000,'光泽县',350700000000),(1267,120,350724000000,'松溪县',350700000000),(1268,120,350725000000,'政和县',350700000000),(1269,120,350781000000,'邵武市',350700000000),(1270,120,350782000000,'武夷山市',350700000000),(1271,120,350783000000,'建瓯市',350700000000) ;
insert into area values (1272,121,350801000000,'市辖区',350800000000),(1273,121,350802000000,'新罗区',350800000000),(1274,121,350803000000,'永定区',350800000000),(1275,121,350821000000,'长汀县',350800000000),(1276,121,350823000000,'上杭县',350800000000),(1277,121,350824000000,'武平县',350800000000),(1278,121,350825000000,'连城县',350800000000),(1279,121,350881000000,'漳平市',350800000000) ;
insert into area values (1280,122,350901000000,'市辖区',350900000000),(1281,122,350902000000,'蕉城区',350900000000),(1282,122,350921000000,'霞浦县',350900000000),(1283,122,350922000000,'古田县',350900000000),(1284,122,350923000000,'屏南县',350900000000),(1285,122,350924000000,'寿宁县',350900000000),(1286,122,350925000000,'周宁县',350900000000),(1287,122,350926000000,'柘荣县',350900000000),(1288,122,350981000000,'福安市',350900000000),(1289,122,350982000000,'福鼎市',350900000000) ;
insert into area values (1290,123,360101000000,'市辖区',360100000000),(1291,123,360102000000,'东湖区',360100000000),(1292,123,360103000000,'西湖区',360100000000),(1293,123,360104000000,'青云谱区',360100000000),(1294,123,360105000000,'湾里区',360100000000),(1295,123,360111000000,'青山湖区',360100000000),(1296,123,360112000000,'新建区',360100000000),(1297,123,360121000000,'南昌县',360100000000),(1298,123,360123000000,'安义县',360100000000),(1299,123,360124000000,'进贤县',360100000000) ;
insert into area values (1300,124,360201000000,'市辖区',360200000000),(1301,124,360202000000,'昌江区',360200000000),(1302,124,360203000000,'珠山区',360200000000),(1303,124,360222000000,'浮梁县',360200000000),(1304,124,360281000000,'乐平市',360200000000) ;
insert into area values (1305,125,360301000000,'市辖区',360300000000),(1306,125,360302000000,'安源区',360300000000),(1307,125,360313000000,'湘东区',360300000000),(1308,125,360321000000,'莲花县',360300000000),(1309,125,360322000000,'上栗县',360300000000),(1310,125,360323000000,'芦溪县',360300000000) ;
insert into area values (1311,126,360401000000,'市辖区',360400000000),(1312,126,360402000000,'濂溪区',360400000000),(1313,126,360403000000,'浔阳区',360400000000),(1314,126,360404000000,'柴桑区',360400000000),(1315,126,360423000000,'武宁县',360400000000),(1316,126,360424000000,'修水县',360400000000),(1317,126,360425000000,'永修县',360400000000),(1318,126,360426000000,'德安县',360400000000),(1319,126,360428000000,'都昌县',360400000000),(1320,126,360429000000,'湖口县',360400000000),(1321,126,360430000000,'彭泽县',360400000000),(1322,126,360481000000,'瑞昌市',360400000000),(1323,126,360482000000,'共青城市',360400000000),(1324,126,360483000000,'庐山市',360400000000) ;
insert into area values (1325,127,360501000000,'市辖区',360500000000),(1326,127,360502000000,'渝水区',360500000000),(1327,127,360521000000,'分宜县',360500000000) ;
insert into area values (1328,128,360601000000,'市辖区',360600000000),(1329,128,360602000000,'月湖区',360600000000),(1330,128,360603000000,'余江区',360600000000),(1331,128,360681000000,'贵溪市',360600000000) ;
insert into area values (1332,129,360701000000,'市辖区',360700000000),(1333,129,360702000000,'章贡区',360700000000),(1334,129,360703000000,'南康区',360700000000),(1335,129,360704000000,'赣县区',360700000000),(1336,129,360722000000,'信丰县',360700000000),(1337,129,360723000000,'大余县',360700000000),(1338,129,360724000000,'上犹县',360700000000),(1339,129,360725000000,'崇义县',360700000000),(1340,129,360726000000,'安远县',360700000000),(1341,129,360727000000,'龙南县',360700000000),(1342,129,360728000000,'定南县',360700000000),(1343,129,360729000000,'全南县',360700000000),(1344,129,360730000000,'宁都县',360700000000),(1345,129,360731000000,'于都县',360700000000),(1346,129,360732000000,'兴国县',360700000000),(1347,129,360733000000,'会昌县',360700000000),(1348,129,360734000000,'寻乌县',360700000000),(1349,129,360735000000,'石城县',360700000000),(1350,129,360781000000,'瑞金市',360700000000) ;
insert into area values (1351,130,360801000000,'市辖区',360800000000),(1352,130,360802000000,'吉州区',360800000000),(1353,130,360803000000,'青原区',360800000000),(1354,130,360821000000,'吉安县',360800000000),(1355,130,360822000000,'吉水县',360800000000),(1356,130,360823000000,'峡江县',360800000000),(1357,130,360824000000,'新干县',360800000000),(1358,130,360825000000,'永丰县',360800000000),(1359,130,360826000000,'泰和县',360800000000),(1360,130,360827000000,'遂川县',360800000000),(1361,130,360828000000,'万安县',360800000000),(1362,130,360829000000,'安福县',360800000000),(1363,130,360830000000,'永新县',360800000000),(1364,130,360881000000,'井冈山市',360800000000) ;
insert into area values (1365,131,360901000000,'市辖区',360900000000),(1366,131,360902000000,'袁州区',360900000000),(1367,131,360921000000,'奉新县',360900000000),(1368,131,360922000000,'万载县',360900000000),(1369,131,360923000000,'上高县',360900000000),(1370,131,360924000000,'宜丰县',360900000000),(1371,131,360925000000,'靖安县',360900000000),(1372,131,360926000000,'铜鼓县',360900000000),(1373,131,360981000000,'丰城市',360900000000),(1374,131,360982000000,'樟树市',360900000000),(1375,131,360983000000,'高安市',360900000000) ;
insert into area values (1376,132,361001000000,'市辖区',361000000000),(1377,132,361002000000,'临川区',361000000000),(1378,132,361003000000,'东乡区',361000000000),(1379,132,361021000000,'南城县',361000000000),(1380,132,361022000000,'黎川县',361000000000),(1381,132,361023000000,'南丰县',361000000000),(1382,132,361024000000,'崇仁县',361000000000),(1383,132,361025000000,'乐安县',361000000000),(1384,132,361026000000,'宜黄县',361000000000),(1385,132,361027000000,'金溪县',361000000000),(1386,132,361028000000,'资溪县',361000000000),(1387,132,361030000000,'广昌县',361000000000) ;
insert into area values (1388,133,361101000000,'市辖区',361100000000),(1389,133,361102000000,'信州区',361100000000),(1390,133,361103000000,'广丰区',361100000000),(1391,133,361121000000,'上饶县',361100000000),(1392,133,361123000000,'玉山县',361100000000),(1393,133,361124000000,'铅山县',361100000000),(1394,133,361125000000,'横峰县',361100000000),(1395,133,361126000000,'弋阳县',361100000000),(1396,133,361127000000,'余干县',361100000000),(1397,133,361128000000,'鄱阳县',361100000000),(1398,133,361129000000,'万年县',361100000000),(1399,133,361130000000,'婺源县',361100000000),(1400,133,361181000000,'德兴市',361100000000) ;
insert into area values (1401,134,370101000000,'市辖区',370100000000),(1402,134,370102000000,'历下区',370100000000),(1403,134,370103000000,'市中区',370100000000),(1404,134,370104000000,'槐荫区',370100000000),(1405,134,370105000000,'天桥区',370100000000),(1406,134,370112000000,'历城区',370100000000),(1407,134,370113000000,'长清区',370100000000),(1408,134,370114000000,'章丘区',370100000000),(1409,134,370115000000,'济阳区',370100000000),(1410,134,370124000000,'平阴县',370100000000),(1411,134,370126000000,'商河县',370100000000),(1412,134,370171000000,'济南高新技术产业开发区',370100000000) ;
insert into area values (1413,135,370201000000,'市辖区',370200000000),(1414,135,370202000000,'市南区',370200000000),(1415,135,370203000000,'市北区',370200000000),(1416,135,370211000000,'黄岛区',370200000000),(1417,135,370212000000,'崂山区',370200000000),(1418,135,370213000000,'李沧区',370200000000),(1419,135,370214000000,'城阳区',370200000000),(1420,135,370215000000,'即墨区',370200000000),(1421,135,370271000000,'青岛高新技术产业开发区',370200000000),(1422,135,370281000000,'胶州市',370200000000),(1423,135,370283000000,'平度市',370200000000),(1424,135,370285000000,'莱西市',370200000000) ;
insert into area values (1425,136,370301000000,'市辖区',370300000000),(1426,136,370302000000,'淄川区',370300000000),(1427,136,370303000000,'张店区',370300000000),(1428,136,370304000000,'博山区',370300000000),(1429,136,370305000000,'临淄区',370300000000),(1430,136,370306000000,'周村区',370300000000),(1431,136,370321000000,'桓台县',370300000000),(1432,136,370322000000,'高青县',370300000000),(1433,136,370323000000,'沂源县',370300000000) ;
insert into area values (1434,137,370401000000,'市辖区',370400000000),(1435,137,370402000000,'市中区',370400000000),(1436,137,370403000000,'薛城区',370400000000),(1437,137,370404000000,'峄城区',370400000000),(1438,137,370405000000,'台儿庄区',370400000000),(1439,137,370406000000,'山亭区',370400000000),(1440,137,370481000000,'滕州市',370400000000) ;
insert into area values (1441,138,370501000000,'市辖区',370500000000),(1442,138,370502000000,'东营区',370500000000),(1443,138,370503000000,'河口区',370500000000),(1444,138,370505000000,'垦利区',370500000000),(1445,138,370522000000,'利津县',370500000000),(1446,138,370523000000,'广饶县',370500000000),(1447,138,370571000000,'东营经济技术开发区',370500000000),(1448,138,370572000000,'东营港经济开发区',370500000000) ;
insert into area values (1449,139,370601000000,'市辖区',370600000000),(1450,139,370602000000,'芝罘区',370600000000),(1451,139,370611000000,'福山区',370600000000),(1452,139,370612000000,'牟平区',370600000000),(1453,139,370613000000,'莱山区',370600000000),(1454,139,370634000000,'长岛县',370600000000),(1455,139,370671000000,'烟台高新技术产业开发区',370600000000),(1456,139,370672000000,'烟台经济技术开发区',370600000000),(1457,139,370681000000,'龙口市',370600000000),(1458,139,370682000000,'莱阳市',370600000000),(1459,139,370683000000,'莱州市',370600000000),(1460,139,370684000000,'蓬莱市',370600000000),(1461,139,370685000000,'招远市',370600000000),(1462,139,370686000000,'栖霞市',370600000000),(1463,139,370687000000,'海阳市',370600000000) ;
insert into area values (1464,140,370701000000,'市辖区',370700000000),(1465,140,370702000000,'潍城区',370700000000),(1466,140,370703000000,'寒亭区',370700000000),(1467,140,370704000000,'坊子区',370700000000),(1468,140,370705000000,'奎文区',370700000000),(1469,140,370724000000,'临朐县',370700000000),(1470,140,370725000000,'昌乐县',370700000000),(1471,140,370772000000,'潍坊滨海经济技术开发区',370700000000),(1472,140,370781000000,'青州市',370700000000),(1473,140,370782000000,'诸城市',370700000000),(1474,140,370783000000,'寿光市',370700000000),(1475,140,370784000000,'安丘市',370700000000),(1476,140,370785000000,'高密市',370700000000),(1477,140,370786000000,'昌邑市',370700000000) ;
insert into area values (1478,141,370801000000,'市辖区',370800000000),(1479,141,370811000000,'任城区',370800000000),(1480,141,370812000000,'兖州区',370800000000),(1481,141,370826000000,'微山县',370800000000),(1482,141,370827000000,'鱼台县',370800000000),(1483,141,370828000000,'金乡县',370800000000),(1484,141,370829000000,'嘉祥县',370800000000),(1485,141,370830000000,'汶上县',370800000000),(1486,141,370831000000,'泗水县',370800000000),(1487,141,370832000000,'梁山县',370800000000),(1488,141,370871000000,'济宁高新技术产业开发区',370800000000),(1489,141,370881000000,'曲阜市',370800000000),(1490,141,370883000000,'邹城市',370800000000) ;
insert into area values (1491,142,370901000000,'市辖区',370900000000),(1492,142,370902000000,'泰山区',370900000000),(1493,142,370911000000,'岱岳区',370900000000),(1494,142,370921000000,'宁阳县',370900000000),(1495,142,370923000000,'东平县',370900000000),(1496,142,370982000000,'新泰市',370900000000),(1497,142,370983000000,'肥城市',370900000000) ;
insert into area values (1498,143,371001000000,'市辖区',371000000000),(1499,143,371002000000,'环翠区',371000000000),(1500,143,371003000000,'文登区',371000000000),(1501,143,371071000000,'威海火炬高技术产业开发区',371000000000),(1502,143,371072000000,'威海经济技术开发区',371000000000),(1503,143,371073000000,'威海临港经济技术开发区',371000000000),(1504,143,371082000000,'荣成市',371000000000),(1505,143,371083000000,'乳山市',371000000000) ;
insert into area values (1506,144,371101000000,'市辖区',371100000000),(1507,144,371102000000,'东港区',371100000000),(1508,144,371103000000,'岚山区',371100000000),(1509,144,371121000000,'五莲县',371100000000),(1510,144,371122000000,'莒县',371100000000),(1511,144,371171000000,'日照经济技术开发区',371100000000) ;
insert into area values (1512,145,371201000000,'市辖区',371200000000),(1513,145,371202000000,'莱城区',371200000000),(1514,145,371203000000,'钢城区',371200000000) ;
insert into area values (1515,146,371301000000,'市辖区',371300000000),(1516,146,371302000000,'兰山区',371300000000),(1517,146,371311000000,'罗庄区',371300000000),(1518,146,371312000000,'河东区',371300000000),(1519,146,371321000000,'沂南县',371300000000),(1520,146,371322000000,'郯城县',371300000000),(1521,146,371323000000,'沂水县',371300000000),(1522,146,371324000000,'兰陵县',371300000000),(1523,146,371325000000,'费县',371300000000),(1524,146,371326000000,'平邑县',371300000000),(1525,146,371327000000,'莒南县',371300000000),(1526,146,371328000000,'蒙阴县',371300000000),(1527,146,371329000000,'临沭县',371300000000),(1528,146,371371000000,'临沂高新技术产业开发区',371300000000),(1529,146,371372000000,'临沂经济技术开发区',371300000000),(1530,146,371373000000,'临沂临港经济开发区',371300000000) ;
insert into area values (1531,147,371401000000,'市辖区',371400000000),(1532,147,371402000000,'德城区',371400000000),(1533,147,371403000000,'陵城区',371400000000),(1534,147,371422000000,'宁津县',371400000000),(1535,147,371423000000,'庆云县',371400000000),(1536,147,371424000000,'临邑县',371400000000),(1537,147,371425000000,'齐河县',371400000000),(1538,147,371426000000,'平原县',371400000000),(1539,147,371427000000,'夏津县',371400000000),(1540,147,371428000000,'武城县',371400000000),(1541,147,371471000000,'德州经济技术开发区',371400000000),(1542,147,371472000000,'德州运河经济开发区',371400000000),(1543,147,371481000000,'乐陵市',371400000000),(1544,147,371482000000,'禹城市',371400000000) ;
insert into area values (1545,148,371501000000,'市辖区',371500000000),(1546,148,371502000000,'东昌府区',371500000000),(1547,148,371521000000,'阳谷县',371500000000),(1548,148,371522000000,'莘县',371500000000),(1549,148,371523000000,'茌平县',371500000000),(1550,148,371524000000,'东阿县',371500000000),(1551,148,371525000000,'冠县',371500000000),(1552,148,371526000000,'高唐县',371500000000),(1553,148,371581000000,'临清市',371500000000) ;
insert into area values (1554,149,371601000000,'市辖区',371600000000),(1555,149,371602000000,'滨城区',371600000000),(1556,149,371603000000,'沾化区',371600000000),(1557,149,371621000000,'惠民县',371600000000),(1558,149,371622000000,'阳信县',371600000000),(1559,149,371623000000,'无棣县',371600000000),(1560,149,371625000000,'博兴县',371600000000),(1561,149,371681000000,'邹平市',371600000000) ;
insert into area values (1562,150,371701000000,'市辖区',371700000000),(1563,150,371702000000,'牡丹区',371700000000),(1564,150,371703000000,'定陶区',371700000000),(1565,150,371721000000,'曹县',371700000000),(1566,150,371722000000,'单县',371700000000),(1567,150,371723000000,'成武县',371700000000),(1568,150,371724000000,'巨野县',371700000000),(1569,150,371725000000,'郓城县',371700000000),(1570,150,371726000000,'鄄城县',371700000000),(1571,150,371728000000,'东明县',371700000000),(1572,150,371771000000,'菏泽经济技术开发区',371700000000),(1573,150,371772000000,'菏泽高新技术开发区',371700000000) ;
insert into area values (1574,151,410101000000,'市辖区',410100000000),(1575,151,410102000000,'中原区',410100000000),(1576,151,410103000000,'二七区',410100000000),(1577,151,410104000000,'管城回族区',410100000000),(1578,151,410105000000,'金水区',410100000000),(1579,151,410106000000,'上街区',410100000000),(1580,151,410108000000,'惠济区',410100000000),(1581,151,410122000000,'中牟县',410100000000),(1582,151,410171000000,'郑州经济技术开发区',410100000000),(1583,151,410172000000,'郑州高新技术产业开发区',410100000000),(1584,151,410173000000,'郑州航空港经济综合实验区',410100000000),(1585,151,410181000000,'巩义市',410100000000),(1586,151,410182000000,'荥阳市',410100000000),(1587,151,410183000000,'新密市',410100000000),(1588,151,410184000000,'新郑市',410100000000),(1589,151,410185000000,'登封市',410100000000) ;
insert into area values (1590,152,410201000000,'市辖区',410200000000),(1591,152,410202000000,'龙亭区',410200000000),(1592,152,410203000000,'顺河回族区',410200000000),(1593,152,410204000000,'鼓楼区',410200000000),(1594,152,410205000000,'禹王台区',410200000000),(1595,152,410212000000,'祥符区',410200000000),(1596,152,410221000000,'杞县',410200000000),(1597,152,410222000000,'通许县',410200000000),(1598,152,410223000000,'尉氏县',410200000000),(1599,152,410225000000,'兰考县',410200000000) ;
insert into area values (1600,153,410301000000,'市辖区',410300000000),(1601,153,410302000000,'老城区',410300000000),(1602,153,410303000000,'西工区',410300000000),(1603,153,410304000000,'瀍河回族区',410300000000),(1604,153,410305000000,'涧西区',410300000000),(1605,153,410306000000,'吉利区',410300000000),(1606,153,410311000000,'洛龙区',410300000000),(1607,153,410322000000,'孟津县',410300000000),(1608,153,410323000000,'新安县',410300000000),(1609,153,410324000000,'栾川县',410300000000),(1610,153,410325000000,'嵩县',410300000000),(1611,153,410326000000,'汝阳县',410300000000),(1612,153,410327000000,'宜阳县',410300000000),(1613,153,410328000000,'洛宁县',410300000000),(1614,153,410329000000,'伊川县',410300000000),(1615,153,410371000000,'洛阳高新技术产业开发区',410300000000),(1616,153,410381000000,'偃师市',410300000000) ;
insert into area values (1617,154,410401000000,'市辖区',410400000000),(1618,154,410402000000,'新华区',410400000000),(1619,154,410403000000,'卫东区',410400000000),(1620,154,410404000000,'石龙区',410400000000),(1621,154,410411000000,'湛河区',410400000000),(1622,154,410421000000,'宝丰县',410400000000),(1623,154,410422000000,'叶县',410400000000),(1624,154,410423000000,'鲁山县',410400000000),(1625,154,410425000000,'郏县',410400000000),(1626,154,410471000000,'平顶山高新技术产业开发区',410400000000),(1627,154,410472000000,'平顶山市新城区',410400000000),(1628,154,410481000000,'舞钢市',410400000000),(1629,154,410482000000,'汝州市',410400000000) ;
insert into area values (1630,155,410501000000,'市辖区',410500000000),(1631,155,410502000000,'文峰区',410500000000),(1632,155,410503000000,'北关区',410500000000),(1633,155,410505000000,'殷都区',410500000000),(1634,155,410506000000,'龙安区',410500000000),(1635,155,410522000000,'安阳县',410500000000),(1636,155,410523000000,'汤阴县',410500000000),(1637,155,410526000000,'滑县',410500000000),(1638,155,410527000000,'内黄县',410500000000),(1639,155,410571000000,'安阳高新技术产业开发区',410500000000),(1640,155,410581000000,'林州市',410500000000) ;
insert into area values (1641,156,410601000000,'市辖区',410600000000),(1642,156,410602000000,'鹤山区',410600000000),(1643,156,410603000000,'山城区',410600000000),(1644,156,410611000000,'淇滨区',410600000000),(1645,156,410621000000,'浚县',410600000000),(1646,156,410622000000,'淇县',410600000000),(1647,156,410671000000,'鹤壁经济技术开发区',410600000000) ;
insert into area values (1648,157,410701000000,'市辖区',410700000000),(1649,157,410702000000,'红旗区',410700000000),(1650,157,410703000000,'卫滨区',410700000000),(1651,157,410704000000,'凤泉区',410700000000),(1652,157,410711000000,'牧野区',410700000000),(1653,157,410721000000,'新乡县',410700000000),(1654,157,410724000000,'获嘉县',410700000000),(1655,157,410725000000,'原阳县',410700000000),(1656,157,410726000000,'延津县',410700000000),(1657,157,410727000000,'封丘县',410700000000),(1658,157,410728000000,'长垣县',410700000000),(1659,157,410771000000,'新乡高新技术产业开发区',410700000000),(1660,157,410772000000,'新乡经济技术开发区',410700000000),(1661,157,410773000000,'新乡市平原城乡一体化示范区',410700000000),(1662,157,410781000000,'卫辉市',410700000000),(1663,157,410782000000,'辉县市',410700000000) ;
insert into area values (1664,158,410801000000,'市辖区',410800000000),(1665,158,410802000000,'解放区',410800000000),(1666,158,410803000000,'中站区',410800000000),(1667,158,410804000000,'马村区',410800000000),(1668,158,410811000000,'山阳区',410800000000),(1669,158,410821000000,'修武县',410800000000),(1670,158,410822000000,'博爱县',410800000000),(1671,158,410823000000,'武陟县',410800000000),(1672,158,410825000000,'温县',410800000000),(1673,158,410871000000,'焦作城乡一体化示范区',410800000000),(1674,158,410882000000,'沁阳市',410800000000),(1675,158,410883000000,'孟州市',410800000000) ;
insert into area values (1676,159,410901000000,'市辖区',410900000000),(1677,159,410902000000,'华龙区',410900000000),(1678,159,410922000000,'清丰县',410900000000),(1679,159,410923000000,'南乐县',410900000000),(1680,159,410926000000,'范县',410900000000),(1681,159,410927000000,'台前县',410900000000),(1682,159,410928000000,'濮阳县',410900000000),(1683,159,410971000000,'河南濮阳工业园区',410900000000),(1684,159,410972000000,'濮阳经济技术开发区',410900000000) ;
insert into area values (1685,160,411001000000,'市辖区',411000000000),(1686,160,411002000000,'魏都区',411000000000),(1687,160,411003000000,'建安区',411000000000),(1688,160,411024000000,'鄢陵县',411000000000),(1689,160,411025000000,'襄城县',411000000000),(1690,160,411071000000,'许昌经济技术开发区',411000000000),(1691,160,411081000000,'禹州市',411000000000),(1692,160,411082000000,'长葛市',411000000000) ;
insert into area values (1693,161,411101000000,'市辖区',411100000000),(1694,161,411102000000,'源汇区',411100000000),(1695,161,411103000000,'郾城区',411100000000),(1696,161,411104000000,'召陵区',411100000000),(1697,161,411121000000,'舞阳县',411100000000),(1698,161,411122000000,'临颍县',411100000000),(1699,161,411171000000,'漯河经济技术开发区',411100000000) ;
insert into area values (1700,162,411201000000,'市辖区',411200000000),(1701,162,411202000000,'湖滨区',411200000000),(1702,162,411203000000,'陕州区',411200000000),(1703,162,411221000000,'渑池县',411200000000),(1704,162,411224000000,'卢氏县',411200000000),(1705,162,411271000000,'河南三门峡经济开发区',411200000000),(1706,162,411281000000,'义马市',411200000000),(1707,162,411282000000,'灵宝市',411200000000) ;
insert into area values (1708,163,411301000000,'市辖区',411300000000),(1709,163,411302000000,'宛城区',411300000000),(1710,163,411303000000,'卧龙区',411300000000),(1711,163,411321000000,'南召县',411300000000),(1712,163,411322000000,'方城县',411300000000),(1713,163,411323000000,'西峡县',411300000000),(1714,163,411324000000,'镇平县',411300000000),(1715,163,411325000000,'内乡县',411300000000),(1716,163,411326000000,'淅川县',411300000000),(1717,163,411327000000,'社旗县',411300000000),(1718,163,411328000000,'唐河县',411300000000),(1719,163,411329000000,'新野县',411300000000),(1720,163,411330000000,'桐柏县',411300000000),(1721,163,411371000000,'南阳高新技术产业开发区',411300000000),(1722,163,411372000000,'南阳市城乡一体化示范区',411300000000),(1723,163,411381000000,'邓州市',411300000000) ;
insert into area values (1724,164,411401000000,'市辖区',411400000000),(1725,164,411402000000,'梁园区',411400000000),(1726,164,411403000000,'睢阳区',411400000000),(1727,164,411421000000,'民权县',411400000000),(1728,164,411422000000,'睢县',411400000000),(1729,164,411423000000,'宁陵县',411400000000),(1730,164,411424000000,'柘城县',411400000000),(1731,164,411425000000,'虞城县',411400000000),(1732,164,411426000000,'夏邑县',411400000000),(1733,164,411471000000,'豫东综合物流产业聚集区',411400000000),(1734,164,411472000000,'河南商丘经济开发区',411400000000),(1735,164,411481000000,'永城市',411400000000) ;
insert into area values (1736,165,411501000000,'市辖区',411500000000),(1737,165,411502000000,'浉河区',411500000000),(1738,165,411503000000,'平桥区',411500000000),(1739,165,411521000000,'罗山县',411500000000),(1740,165,411522000000,'光山县',411500000000),(1741,165,411523000000,'新县',411500000000),(1742,165,411524000000,'商城县',411500000000),(1743,165,411525000000,'固始县',411500000000),(1744,165,411526000000,'潢川县',411500000000),(1745,165,411527000000,'淮滨县',411500000000),(1746,165,411528000000,'息县',411500000000),(1747,165,411571000000,'信阳高新技术产业开发区',411500000000) ;
insert into area values (1748,166,411601000000,'市辖区',411600000000),(1749,166,411602000000,'川汇区',411600000000),(1750,166,411621000000,'扶沟县',411600000000),(1751,166,411622000000,'西华县',411600000000),(1752,166,411623000000,'商水县',411600000000),(1753,166,411624000000,'沈丘县',411600000000),(1754,166,411625000000,'郸城县',411600000000),(1755,166,411626000000,'淮阳县',411600000000),(1756,166,411627000000,'太康县',411600000000),(1757,166,411628000000,'鹿邑县',411600000000),(1758,166,411671000000,'河南周口经济开发区',411600000000),(1759,166,411681000000,'项城市',411600000000) ;
insert into area values (1760,167,411701000000,'市辖区',411700000000),(1761,167,411702000000,'驿城区',411700000000),(1762,167,411721000000,'西平县',411700000000),(1763,167,411722000000,'上蔡县',411700000000),(1764,167,411723000000,'平舆县',411700000000),(1765,167,411724000000,'正阳县',411700000000),(1766,167,411725000000,'确山县',411700000000),(1767,167,411726000000,'泌阳县',411700000000),(1768,167,411727000000,'汝南县',411700000000),(1769,167,411728000000,'遂平县',411700000000),(1770,167,411729000000,'新蔡县',411700000000),(1771,167,411771000000,'河南驻马店经济开发区',411700000000) ;
insert into area values  (1772,168,419001000000,'济源市',419000000000) ;
insert into area values (1773,169,420101000000,'市辖区',420100000000),(1774,169,420102000000,'江岸区',420100000000),(1775,169,420103000000,'江汉区',420100000000),(1776,169,420104000000,'硚口区',420100000000),(1777,169,420105000000,'汉阳区',420100000000),(1778,169,420106000000,'武昌区',420100000000),(1779,169,420107000000,'青山区',420100000000),(1780,169,420111000000,'洪山区',420100000000),(1781,169,420112000000,'东西湖区',420100000000),(1782,169,420113000000,'汉南区',420100000000),(1783,169,420114000000,'蔡甸区',420100000000),(1784,169,420115000000,'江夏区',420100000000),(1785,169,420116000000,'黄陂区',420100000000),(1786,169,420117000000,'新洲区',420100000000) ;
insert into area values (1787,170,420201000000,'市辖区',420200000000),(1788,170,420202000000,'黄石港区',420200000000),(1789,170,420203000000,'西塞山区',420200000000),(1790,170,420204000000,'下陆区',420200000000),(1791,170,420205000000,'铁山区',420200000000),(1792,170,420222000000,'阳新县',420200000000),(1793,170,420281000000,'大冶市',420200000000) ;
insert into area values (1794,171,420301000000,'市辖区',420300000000),(1795,171,420302000000,'茅箭区',420300000000),(1796,171,420303000000,'张湾区',420300000000),(1797,171,420304000000,'郧阳区',420300000000),(1798,171,420322000000,'郧西县',420300000000),(1799,171,420323000000,'竹山县',420300000000),(1800,171,420324000000,'竹溪县',420300000000),(1801,171,420325000000,'房县',420300000000),(1802,171,420381000000,'丹江口市',420300000000) ;
insert into area values (1803,172,420501000000,'市辖区',420500000000),(1804,172,420502000000,'西陵区',420500000000),(1805,172,420503000000,'伍家岗区',420500000000),(1806,172,420504000000,'点军区',420500000000),(1807,172,420505000000,'猇亭区',420500000000),(1808,172,420506000000,'夷陵区',420500000000),(1809,172,420525000000,'远安县',420500000000),(1810,172,420526000000,'兴山县',420500000000),(1811,172,420527000000,'秭归县',420500000000),(1812,172,420528000000,'长阳土家族自治县',420500000000),(1813,172,420529000000,'五峰土家族自治县',420500000000),(1814,172,420581000000,'宜都市',420500000000),(1815,172,420582000000,'当阳市',420500000000),(1816,172,420583000000,'枝江市',420500000000) ;
insert into area values (1817,173,420601000000,'市辖区',420600000000),(1818,173,420602000000,'襄城区',420600000000),(1819,173,420606000000,'樊城区',420600000000),(1820,173,420607000000,'襄州区',420600000000),(1821,173,420624000000,'南漳县',420600000000),(1822,173,420625000000,'谷城县',420600000000),(1823,173,420626000000,'保康县',420600000000),(1824,173,420682000000,'老河口市',420600000000),(1825,173,420683000000,'枣阳市',420600000000),(1826,173,420684000000,'宜城市',420600000000) ;
insert into area values (1827,174,420701000000,'市辖区',420700000000),(1828,174,420702000000,'梁子湖区',420700000000),(1829,174,420703000000,'华容区',420700000000),(1830,174,420704000000,'鄂城区',420700000000) ;
insert into area values (1831,175,420801000000,'市辖区',420800000000),(1832,175,420802000000,'东宝区',420800000000),(1833,175,420804000000,'掇刀区',420800000000),(1834,175,420822000000,'沙洋县',420800000000),(1835,175,420881000000,'钟祥市',420800000000),(1836,175,420882000000,'京山市',420800000000) ;
insert into area values (1837,176,420901000000,'市辖区',420900000000),(1838,176,420902000000,'孝南区',420900000000),(1839,176,420921000000,'孝昌县',420900000000),(1840,176,420922000000,'大悟县',420900000000),(1841,176,420923000000,'云梦县',420900000000),(1842,176,420981000000,'应城市',420900000000),(1843,176,420982000000,'安陆市',420900000000),(1844,176,420984000000,'汉川市',420900000000) ;
insert into area values (1845,177,421001000000,'市辖区',421000000000),(1846,177,421002000000,'沙市区',421000000000),(1847,177,421003000000,'荆州区',421000000000),(1848,177,421022000000,'公安县',421000000000),(1849,177,421023000000,'监利县',421000000000),(1850,177,421024000000,'江陵县',421000000000),(1851,177,421071000000,'荆州经济技术开发区',421000000000),(1852,177,421081000000,'石首市',421000000000),(1853,177,421083000000,'洪湖市',421000000000),(1854,177,421087000000,'松滋市',421000000000) ;
insert into area values (1855,178,421101000000,'市辖区',421100000000),(1856,178,421102000000,'黄州区',421100000000),(1857,178,421121000000,'团风县',421100000000),(1858,178,421122000000,'红安县',421100000000),(1859,178,421123000000,'罗田县',421100000000),(1860,178,421124000000,'英山县',421100000000),(1861,178,421125000000,'浠水县',421100000000),(1862,178,421126000000,'蕲春县',421100000000),(1863,178,421127000000,'黄梅县',421100000000),(1864,178,421171000000,'龙感湖管理区',421100000000),(1865,178,421181000000,'麻城市',421100000000),(1866,178,421182000000,'武穴市',421100000000) ;
insert into area values (1867,179,421201000000,'市辖区',421200000000),(1868,179,421202000000,'咸安区',421200000000),(1869,179,421221000000,'嘉鱼县',421200000000),(1870,179,421222000000,'通城县',421200000000),(1871,179,421223000000,'崇阳县',421200000000),(1872,179,421224000000,'通山县',421200000000),(1873,179,421281000000,'赤壁市',421200000000) ;
insert into area values (1874,180,421301000000,'市辖区',421300000000),(1875,180,421303000000,'曾都区',421300000000),(1876,180,421321000000,'随县',421300000000),(1877,180,421381000000,'广水市',421300000000) ;
insert into area values  (1878,181,422801000000,'恩施市',422800000000),(1879,181,422802000000,'利川市',422800000000),(1880,181,422822000000,'建始县',422800000000),(1881,181,422823000000,'巴东县',422800000000),(1882,181,422825000000,'宣恩县',422800000000),(1883,181,422826000000,'咸丰县',422800000000),(1884,181,422827000000,'来凤县',422800000000),(1885,181,422828000000,'鹤峰县',422800000000) ;
insert into area values  (1886,182,429004000000,'仙桃市',429000000000),(1887,182,429005000000,'潜江市',429000000000),(1888,182,429006000000,'天门市',429000000000),(1889,182,429021000000,'神农架林区',429000000000) ;
insert into area values (1890,183,430101000000,'市辖区',430100000000),(1891,183,430102000000,'芙蓉区',430100000000),(1892,183,430103000000,'天心区',430100000000),(1893,183,430104000000,'岳麓区',430100000000),(1894,183,430105000000,'开福区',430100000000),(1895,183,430111000000,'雨花区',430100000000),(1896,183,430112000000,'望城区',430100000000),(1897,183,430121000000,'长沙县',430100000000),(1898,183,430181000000,'浏阳市',430100000000),(1899,183,430182000000,'宁乡市',430100000000) ;
insert into area values (1900,184,430201000000,'市辖区',430200000000),(1901,184,430202000000,'荷塘区',430200000000),(1902,184,430203000000,'芦淞区',430200000000),(1903,184,430204000000,'石峰区',430200000000),(1904,184,430211000000,'天元区',430200000000),(1905,184,430212000000,'渌口区',430200000000),(1906,184,430223000000,'攸县',430200000000),(1907,184,430224000000,'茶陵县',430200000000),(1908,184,430225000000,'炎陵县',430200000000),(1909,184,430271000000,'云龙示范区',430200000000),(1910,184,430281000000,'醴陵市',430200000000) ;
insert into area values (1911,185,430301000000,'市辖区',430300000000),(1912,185,430302000000,'雨湖区',430300000000),(1913,185,430304000000,'岳塘区',430300000000),(1914,185,430321000000,'湘潭县',430300000000),(1915,185,430371000000,'湖南湘潭高新技术产业园区',430300000000),(1916,185,430372000000,'湘潭昭山示范区',430300000000),(1917,185,430373000000,'湘潭九华示范区',430300000000),(1918,185,430381000000,'湘乡市',430300000000),(1919,185,430382000000,'韶山市',430300000000) ;
insert into area values (1920,186,430401000000,'市辖区',430400000000),(1921,186,430405000000,'珠晖区',430400000000),(1922,186,430406000000,'雁峰区',430400000000),(1923,186,430407000000,'石鼓区',430400000000),(1924,186,430408000000,'蒸湘区',430400000000),(1925,186,430412000000,'南岳区',430400000000),(1926,186,430421000000,'衡阳县',430400000000),(1927,186,430422000000,'衡南县',430400000000),(1928,186,430423000000,'衡山县',430400000000),(1929,186,430424000000,'衡东县',430400000000),(1930,186,430426000000,'祁东县',430400000000),(1931,186,430471000000,'衡阳综合保税区',430400000000),(1932,186,430472000000,'湖南衡阳高新技术产业园区',430400000000),(1933,186,430473000000,'湖南衡阳松木经济开发区',430400000000),(1934,186,430481000000,'耒阳市',430400000000),(1935,186,430482000000,'常宁市',430400000000) ;
insert into area values (1936,187,430501000000,'市辖区',430500000000),(1937,187,430502000000,'双清区',430500000000),(1938,187,430503000000,'大祥区',430500000000),(1939,187,430511000000,'北塔区',430500000000),(1940,187,430521000000,'邵东县',430500000000),(1941,187,430522000000,'新邵县',430500000000),(1942,187,430523000000,'邵阳县',430500000000),(1943,187,430524000000,'隆回县',430500000000),(1944,187,430525000000,'洞口县',430500000000),(1945,187,430527000000,'绥宁县',430500000000),(1946,187,430528000000,'新宁县',430500000000),(1947,187,430529000000,'城步苗族自治县',430500000000),(1948,187,430581000000,'武冈市',430500000000) ;
insert into area values (1949,188,430601000000,'市辖区',430600000000),(1950,188,430602000000,'岳阳楼区',430600000000),(1951,188,430603000000,'云溪区',430600000000),(1952,188,430611000000,'君山区',430600000000),(1953,188,430621000000,'岳阳县',430600000000),(1954,188,430623000000,'华容县',430600000000),(1955,188,430624000000,'湘阴县',430600000000),(1956,188,430626000000,'平江县',430600000000),(1957,188,430671000000,'岳阳市屈原管理区',430600000000),(1958,188,430681000000,'汨罗市',430600000000),(1959,188,430682000000,'临湘市',430600000000) ;
insert into area values (1960,189,430701000000,'市辖区',430700000000),(1961,189,430702000000,'武陵区',430700000000),(1962,189,430703000000,'鼎城区',430700000000),(1963,189,430721000000,'安乡县',430700000000),(1964,189,430722000000,'汉寿县',430700000000),(1965,189,430723000000,'澧县',430700000000),(1966,189,430724000000,'临澧县',430700000000),(1967,189,430725000000,'桃源县',430700000000),(1968,189,430726000000,'石门县',430700000000),(1969,189,430771000000,'常德市西洞庭管理区',430700000000),(1970,189,430781000000,'津市市',430700000000) ;
insert into area values (1971,190,430801000000,'市辖区',430800000000),(1972,190,430802000000,'永定区',430800000000),(1973,190,430811000000,'武陵源区',430800000000),(1974,190,430821000000,'慈利县',430800000000),(1975,190,430822000000,'桑植县',430800000000) ;
insert into area values (1976,191,430901000000,'市辖区',430900000000),(1977,191,430902000000,'资阳区',430900000000),(1978,191,430903000000,'赫山区',430900000000),(1979,191,430921000000,'南县',430900000000),(1980,191,430922000000,'桃江县',430900000000),(1981,191,430923000000,'安化县',430900000000),(1982,191,430971000000,'益阳市大通湖管理区',430900000000),(1983,191,430972000000,'湖南益阳高新技术产业园区',430900000000),(1984,191,430981000000,'沅江市',430900000000) ;
insert into area values (1985,192,431001000000,'市辖区',431000000000),(1986,192,431002000000,'北湖区',431000000000),(1987,192,431003000000,'苏仙区',431000000000),(1988,192,431021000000,'桂阳县',431000000000),(1989,192,431022000000,'宜章县',431000000000),(1990,192,431023000000,'永兴县',431000000000),(1991,192,431024000000,'嘉禾县',431000000000),(1992,192,431025000000,'临武县',431000000000),(1993,192,431026000000,'汝城县',431000000000),(1994,192,431027000000,'桂东县',431000000000),(1995,192,431028000000,'安仁县',431000000000),(1996,192,431081000000,'资兴市',431000000000) ;
insert into area values (1997,193,431101000000,'市辖区',431100000000),(1998,193,431102000000,'零陵区',431100000000),(1999,193,431103000000,'冷水滩区',431100000000),(2000,193,431121000000,'祁阳县',431100000000),(2001,193,431122000000,'东安县',431100000000),(2002,193,431123000000,'双牌县',431100000000),(2003,193,431124000000,'道县',431100000000),(2004,193,431125000000,'江永县',431100000000),(2005,193,431126000000,'宁远县',431100000000),(2006,193,431127000000,'蓝山县',431100000000),(2007,193,431128000000,'新田县',431100000000),(2008,193,431129000000,'江华瑶族自治县',431100000000),(2009,193,431171000000,'永州经济技术开发区',431100000000),(2010,193,431172000000,'永州市金洞管理区',431100000000),(2011,193,431173000000,'永州市回龙圩管理区',431100000000) ;
insert into area values (2012,194,431201000000,'市辖区',431200000000),(2013,194,431202000000,'鹤城区',431200000000),(2014,194,431221000000,'中方县',431200000000),(2015,194,431222000000,'沅陵县',431200000000),(2016,194,431223000000,'辰溪县',431200000000),(2017,194,431224000000,'溆浦县',431200000000),(2018,194,431225000000,'会同县',431200000000),(2019,194,431226000000,'麻阳苗族自治县',431200000000),(2020,194,431227000000,'新晃侗族自治县',431200000000),(2021,194,431228000000,'芷江侗族自治县',431200000000),(2022,194,431229000000,'靖州苗族侗族自治县',431200000000),(2023,194,431230000000,'通道侗族自治县',431200000000),(2024,194,431271000000,'怀化市洪江管理区',431200000000),(2025,194,431281000000,'洪江市',431200000000) ;
insert into area values (2026,195,431301000000,'市辖区',431300000000),(2027,195,431302000000,'娄星区',431300000000),(2028,195,431321000000,'双峰县',431300000000),(2029,195,431322000000,'新化县',431300000000),(2030,195,431381000000,'冷水江市',431300000000),(2031,195,431382000000,'涟源市',431300000000) ;
insert into area values  (2032,196,433101000000,'吉首市',433100000000),(2033,196,433122000000,'泸溪县',433100000000),(2034,196,433123000000,'凤凰县',433100000000),(2035,196,433124000000,'花垣县',433100000000),(2036,196,433125000000,'保靖县',433100000000),(2037,196,433126000000,'古丈县',433100000000),(2038,196,433127000000,'永顺县',433100000000),(2039,196,433130000000,'龙山县',433100000000),(2040,196,433172000000,'湖南吉首经济开发区',433100000000),(2041,196,433173000000,'湖南永顺经济开发区',433100000000) ;
insert into area values (2042,197,440101000000,'市辖区',440100000000),(2043,197,440103000000,'荔湾区',440100000000),(2044,197,440104000000,'越秀区',440100000000),(2045,197,440105000000,'海珠区',440100000000),(2046,197,440106000000,'天河区',440100000000),(2047,197,440111000000,'白云区',440100000000),(2048,197,440112000000,'黄埔区',440100000000),(2049,197,440113000000,'番禺区',440100000000),(2050,197,440114000000,'花都区',440100000000),(2051,197,440115000000,'南沙区',440100000000),(2052,197,440117000000,'从化区',440100000000),(2053,197,440118000000,'增城区',440100000000) ;
insert into area values (2054,198,440201000000,'市辖区',440200000000),(2055,198,440203000000,'武江区',440200000000),(2056,198,440204000000,'浈江区',440200000000),(2057,198,440205000000,'曲江区',440200000000),(2058,198,440222000000,'始兴县',440200000000),(2059,198,440224000000,'仁化县',440200000000),(2060,198,440229000000,'翁源县',440200000000),(2061,198,440232000000,'乳源瑶族自治县',440200000000),(2062,198,440233000000,'新丰县',440200000000),(2063,198,440281000000,'乐昌市',440200000000),(2064,198,440282000000,'南雄市',440200000000) ;
insert into area values (2065,199,440301000000,'市辖区',440300000000),(2066,199,440303000000,'罗湖区',440300000000),(2067,199,440304000000,'福田区',440300000000),(2068,199,440305000000,'南山区',440300000000),(2069,199,440306000000,'宝安区',440300000000),(2070,199,440307000000,'龙岗区',440300000000),(2071,199,440308000000,'盐田区',440300000000),(2072,199,440309000000,'龙华区',440300000000),(2073,199,440310000000,'坪山区',440300000000),(2074,199,440311000000,'光明区',440300000000) ;
insert into area values (2075,200,440401000000,'市辖区',440400000000),(2076,200,440402000000,'香洲区',440400000000),(2077,200,440403000000,'斗门区',440400000000),(2078,200,440404000000,'金湾区',440400000000) ;
insert into area values (2079,201,440501000000,'市辖区',440500000000),(2080,201,440507000000,'龙湖区',440500000000),(2081,201,440511000000,'金平区',440500000000),(2082,201,440512000000,'濠江区',440500000000),(2083,201,440513000000,'潮阳区',440500000000),(2084,201,440514000000,'潮南区',440500000000),(2085,201,440515000000,'澄海区',440500000000),(2086,201,440523000000,'南澳县',440500000000) ;
insert into area values (2087,202,440601000000,'市辖区',440600000000),(2088,202,440604000000,'禅城区',440600000000),(2089,202,440605000000,'南海区',440600000000),(2090,202,440606000000,'顺德区',440600000000),(2091,202,440607000000,'三水区',440600000000),(2092,202,440608000000,'高明区',440600000000) ;
insert into area values (2093,203,440701000000,'市辖区',440700000000),(2094,203,440703000000,'蓬江区',440700000000),(2095,203,440704000000,'江海区',440700000000),(2096,203,440705000000,'新会区',440700000000),(2097,203,440781000000,'台山市',440700000000),(2098,203,440783000000,'开平市',440700000000),(2099,203,440784000000,'鹤山市',440700000000),(2100,203,440785000000,'恩平市',440700000000) ;
insert into area values (2101,204,440801000000,'市辖区',440800000000),(2102,204,440802000000,'赤坎区',440800000000),(2103,204,440803000000,'霞山区',440800000000),(2104,204,440804000000,'坡头区',440800000000),(2105,204,440811000000,'麻章区',440800000000),(2106,204,440823000000,'遂溪县',440800000000),(2107,204,440825000000,'徐闻县',440800000000),(2108,204,440881000000,'廉江市',440800000000),(2109,204,440882000000,'雷州市',440800000000),(2110,204,440883000000,'吴川市',440800000000) ;
insert into area values (2111,205,440901000000,'市辖区',440900000000),(2112,205,440902000000,'茂南区',440900000000),(2113,205,440904000000,'电白区',440900000000),(2114,205,440981000000,'高州市',440900000000),(2115,205,440982000000,'化州市',440900000000),(2116,205,440983000000,'信宜市',440900000000) ;
insert into area values (2117,206,441201000000,'市辖区',441200000000),(2118,206,441202000000,'端州区',441200000000),(2119,206,441203000000,'鼎湖区',441200000000),(2120,206,441204000000,'高要区',441200000000),(2121,206,441223000000,'广宁县',441200000000),(2122,206,441224000000,'怀集县',441200000000),(2123,206,441225000000,'封开县',441200000000),(2124,206,441226000000,'德庆县',441200000000),(2125,206,441284000000,'四会市',441200000000) ;
insert into area values (2126,207,441301000000,'市辖区',441300000000),(2127,207,441302000000,'惠城区',441300000000),(2128,207,441303000000,'惠阳区',441300000000),(2129,207,441322000000,'博罗县',441300000000),(2130,207,441323000000,'惠东县',441300000000),(2131,207,441324000000,'龙门县',441300000000) ;
insert into area values (2132,208,441401000000,'市辖区',441400000000),(2133,208,441402000000,'梅江区',441400000000),(2134,208,441403000000,'梅县区',441400000000),(2135,208,441422000000,'大埔县',441400000000),(2136,208,441423000000,'丰顺县',441400000000),(2137,208,441424000000,'五华县',441400000000),(2138,208,441426000000,'平远县',441400000000),(2139,208,441427000000,'蕉岭县',441400000000),(2140,208,441481000000,'兴宁市',441400000000) ;
insert into area values (2141,209,441501000000,'市辖区',441500000000),(2142,209,441502000000,'城区',441500000000),(2143,209,441521000000,'海丰县',441500000000),(2144,209,441523000000,'陆河县',441500000000),(2145,209,441581000000,'陆丰市',441500000000) ;
insert into area values (2146,210,441601000000,'市辖区',441600000000),(2147,210,441602000000,'源城区',441600000000),(2148,210,441621000000,'紫金县',441600000000),(2149,210,441622000000,'龙川县',441600000000),(2150,210,441623000000,'连平县',441600000000),(2151,210,441624000000,'和平县',441600000000),(2152,210,441625000000,'东源县',441600000000) ;
insert into area values (2153,211,441701000000,'市辖区',441700000000),(2154,211,441702000000,'江城区',441700000000),(2155,211,441704000000,'阳东区',441700000000),(2156,211,441721000000,'阳西县',441700000000),(2157,211,441781000000,'阳春市',441700000000) ;
insert into area values (2158,212,441801000000,'市辖区',441800000000),(2159,212,441802000000,'清城区',441800000000),(2160,212,441803000000,'清新区',441800000000),(2161,212,441821000000,'佛冈县',441800000000),(2162,212,441823000000,'阳山县',441800000000),(2163,212,441825000000,'连山壮族瑶族自治县',441800000000),(2164,212,441826000000,'连南瑶族自治县',441800000000),(2165,212,441881000000,'英德市',441800000000),(2166,212,441882000000,'连州市',441800000000) ;
insert into area values  (2167,213,441900003000,'东城街道办事处',441900000000),(2168,213,441900004000,'南城街道办事处',441900000000),(2169,213,441900005000,'万江街道办事处',441900000000),(2170,213,441900006000,'莞城街道办事处',441900000000),(2171,213,441900101000,'石碣镇',441900000000),(2172,213,441900102000,'石龙镇',441900000000),(2173,213,441900103000,'茶山镇',441900000000),(2174,213,441900104000,'石排镇',441900000000),(2175,213,441900105000,'企石镇',441900000000),(2176,213,441900106000,'横沥镇',441900000000),(2177,213,441900107000,'桥头镇',441900000000),(2178,213,441900108000,'谢岗镇',441900000000),(2179,213,441900109000,'东坑镇',441900000000),(2180,213,441900110000,'常平镇',441900000000),(2181,213,441900111000,'寮步镇',441900000000),(2182,213,441900112000,'樟木头镇',441900000000),(2183,213,441900113000,'大朗镇',441900000000),(2184,213,441900114000,'黄江镇',441900000000),(2185,213,441900115000,'清溪镇',441900000000),(2186,213,441900116000,'塘厦镇',441900000000),(2187,213,441900117000,'凤岗镇',441900000000),(2188,213,441900118000,'大岭山镇',441900000000),(2189,213,441900119000,'长安镇',441900000000),(2190,213,441900121000,'虎门镇',441900000000),(2191,213,441900122000,'厚街镇',441900000000),(2192,213,441900123000,'沙田镇',441900000000),(2193,213,441900124000,'道滘镇',441900000000),(2194,213,441900125000,'洪梅镇',441900000000),(2195,213,441900126000,'麻涌镇',441900000000),(2196,213,441900127000,'望牛墩镇',441900000000),(2197,213,441900128000,'中堂镇',441900000000),(2198,213,441900129000,'高埗镇',441900000000),(2199,213,441900401000,'松山湖管委会',441900000000),(2200,213,441900402000,'东莞港',441900000000),(2201,213,441900403000,'东莞生态园',441900000000) ;
insert into area values  (2202,214,442000001000,'石岐区街道办事处',442000000000),(2203,214,442000002000,'东区街道办事处',442000000000),(2204,214,442000003000,'火炬开发区街道办事处',442000000000),(2205,214,442000004000,'西区街道办事处',442000000000),(2206,214,442000005000,'南区街道办事处',442000000000),(2207,214,442000006000,'五桂山街道办事处',442000000000),(2208,214,442000100000,'小榄镇',442000000000),(2209,214,442000101000,'黄圃镇',442000000000),(2210,214,442000102000,'民众镇',442000000000),(2211,214,442000103000,'东凤镇',442000000000),(2212,214,442000104000,'东升镇',442000000000),(2213,214,442000105000,'古镇镇',442000000000),(2214,214,442000106000,'沙溪镇',442000000000),(2215,214,442000107000,'坦洲镇',442000000000),(2216,214,442000108000,'港口镇',442000000000),(2217,214,442000109000,'三角镇',442000000000),(2218,214,442000110000,'横栏镇',442000000000),(2219,214,442000111000,'南头镇',442000000000),(2220,214,442000112000,'阜沙镇',442000000000),(2221,214,442000113000,'南朗镇',442000000000),(2222,214,442000114000,'三乡镇',442000000000),(2223,214,442000115000,'板芙镇',442000000000),(2224,214,442000116000,'大涌镇',442000000000),(2225,214,442000117000,'神湾镇',442000000000) ;
insert into area values (2226,215,445101000000,'市辖区',445100000000),(2227,215,445102000000,'湘桥区',445100000000),(2228,215,445103000000,'潮安区',445100000000),(2229,215,445122000000,'饶平县',445100000000) ;
insert into area values (2230,216,445201000000,'市辖区',445200000000),(2231,216,445202000000,'榕城区',445200000000),(2232,216,445203000000,'揭东区',445200000000),(2233,216,445222000000,'揭西县',445200000000),(2234,216,445224000000,'惠来县',445200000000),(2235,216,445281000000,'普宁市',445200000000) ;
insert into area values (2236,217,445301000000,'市辖区',445300000000),(2237,217,445302000000,'云城区',445300000000),(2238,217,445303000000,'云安区',445300000000),(2239,217,445321000000,'新兴县',445300000000),(2240,217,445322000000,'郁南县',445300000000),(2241,217,445381000000,'罗定市',445300000000) ;
insert into area values (2242,218,450101000000,'市辖区',450100000000),(2243,218,450102000000,'兴宁区',450100000000),(2244,218,450103000000,'青秀区',450100000000),(2245,218,450105000000,'江南区',450100000000),(2246,218,450107000000,'西乡塘区',450100000000),(2247,218,450108000000,'良庆区',450100000000),(2248,218,450109000000,'邕宁区',450100000000),(2249,218,450110000000,'武鸣区',450100000000),(2250,218,450123000000,'隆安县',450100000000),(2251,218,450124000000,'马山县',450100000000),(2252,218,450125000000,'上林县',450100000000),(2253,218,450126000000,'宾阳县',450100000000),(2254,218,450127000000,'横县',450100000000) ;
insert into area values (2255,219,450201000000,'市辖区',450200000000),(2256,219,450202000000,'城中区',450200000000),(2257,219,450203000000,'鱼峰区',450200000000),(2258,219,450204000000,'柳南区',450200000000),(2259,219,450205000000,'柳北区',450200000000),(2260,219,450206000000,'柳江区',450200000000),(2261,219,450222000000,'柳城县',450200000000),(2262,219,450223000000,'鹿寨县',450200000000),(2263,219,450224000000,'融安县',450200000000),(2264,219,450225000000,'融水苗族自治县',450200000000),(2265,219,450226000000,'三江侗族自治县',450200000000) ;
insert into area values (2266,220,450301000000,'市辖区',450300000000),(2267,220,450302000000,'秀峰区',450300000000),(2268,220,450303000000,'叠彩区',450300000000),(2269,220,450304000000,'象山区',450300000000),(2270,220,450305000000,'七星区',450300000000),(2271,220,450311000000,'雁山区',450300000000),(2272,220,450312000000,'临桂区',450300000000),(2273,220,450321000000,'阳朔县',450300000000),(2274,220,450323000000,'灵川县',450300000000),(2275,220,450324000000,'全州县',450300000000),(2276,220,450325000000,'兴安县',450300000000),(2277,220,450326000000,'永福县',450300000000),(2278,220,450327000000,'灌阳县',450300000000),(2279,220,450328000000,'龙胜各族自治县',450300000000),(2280,220,450329000000,'资源县',450300000000),(2281,220,450330000000,'平乐县',450300000000),(2282,220,450332000000,'恭城瑶族自治县',450300000000),(2283,220,450381000000,'荔浦市',450300000000) ;
insert into area values (2284,221,450401000000,'市辖区',450400000000),(2285,221,450403000000,'万秀区',450400000000),(2286,221,450405000000,'长洲区',450400000000),(2287,221,450406000000,'龙圩区',450400000000),(2288,221,450421000000,'苍梧县',450400000000),(2289,221,450422000000,'藤县',450400000000),(2290,221,450423000000,'蒙山县',450400000000),(2291,221,450481000000,'岑溪市',450400000000) ;
insert into area values (2292,222,450501000000,'市辖区',450500000000),(2293,222,450502000000,'海城区',450500000000),(2294,222,450503000000,'银海区',450500000000),(2295,222,450512000000,'铁山港区',450500000000),(2296,222,450521000000,'合浦县',450500000000) ;
insert into area values (2297,223,450601000000,'市辖区',450600000000),(2298,223,450602000000,'港口区',450600000000),(2299,223,450603000000,'防城区',450600000000),(2300,223,450621000000,'上思县',450600000000),(2301,223,450681000000,'东兴市',450600000000) ;
insert into area values (2302,224,450701000000,'市辖区',450700000000),(2303,224,450702000000,'钦南区',450700000000),(2304,224,450703000000,'钦北区',450700000000),(2305,224,450721000000,'灵山县',450700000000),(2306,224,450722000000,'浦北县',450700000000) ;
insert into area values (2307,225,450801000000,'市辖区',450800000000),(2308,225,450802000000,'港北区',450800000000),(2309,225,450803000000,'港南区',450800000000),(2310,225,450804000000,'覃塘区',450800000000),(2311,225,450821000000,'平南县',450800000000),(2312,225,450881000000,'桂平市',450800000000) ;
insert into area values (2313,226,450901000000,'市辖区',450900000000),(2314,226,450902000000,'玉州区',450900000000),(2315,226,450903000000,'福绵区',450900000000),(2316,226,450921000000,'容县',450900000000),(2317,226,450922000000,'陆川县',450900000000),(2318,226,450923000000,'博白县',450900000000),(2319,226,450924000000,'兴业县',450900000000),(2320,226,450981000000,'北流市',450900000000) ;
insert into area values (2321,227,451001000000,'市辖区',451000000000),(2322,227,451002000000,'右江区',451000000000),(2323,227,451021000000,'田阳县',451000000000),(2324,227,451022000000,'田东县',451000000000),(2325,227,451023000000,'平果县',451000000000),(2326,227,451024000000,'德保县',451000000000),(2327,227,451026000000,'那坡县',451000000000),(2328,227,451027000000,'凌云县',451000000000),(2329,227,451028000000,'乐业县',451000000000),(2330,227,451029000000,'田林县',451000000000),(2331,227,451030000000,'西林县',451000000000),(2332,227,451031000000,'隆林各族自治县',451000000000),(2333,227,451081000000,'靖西市',451000000000) ;
insert into area values (2334,228,451101000000,'市辖区',451100000000),(2335,228,451102000000,'八步区',451100000000),(2336,228,451103000000,'平桂区',451100000000),(2337,228,451121000000,'昭平县',451100000000),(2338,228,451122000000,'钟山县',451100000000),(2339,228,451123000000,'富川瑶族自治县',451100000000) ;
insert into area values (2340,229,451201000000,'市辖区',451200000000),(2341,229,451202000000,'金城江区',451200000000),(2342,229,451203000000,'宜州区',451200000000),(2343,229,451221000000,'南丹县',451200000000),(2344,229,451222000000,'天峨县',451200000000),(2345,229,451223000000,'凤山县',451200000000),(2346,229,451224000000,'东兰县',451200000000),(2347,229,451225000000,'罗城仫佬族自治县',451200000000),(2348,229,451226000000,'环江毛南族自治县',451200000000),(2349,229,451227000000,'巴马瑶族自治县',451200000000),(2350,229,451228000000,'都安瑶族自治县',451200000000),(2351,229,451229000000,'大化瑶族自治县',451200000000) ;
insert into area values (2352,230,451301000000,'市辖区',451300000000),(2353,230,451302000000,'兴宾区',451300000000),(2354,230,451321000000,'忻城县',451300000000),(2355,230,451322000000,'象州县',451300000000),(2356,230,451323000000,'武宣县',451300000000),(2357,230,451324000000,'金秀瑶族自治县',451300000000),(2358,230,451381000000,'合山市',451300000000) ;
insert into area values (2359,231,451401000000,'市辖区',451400000000),(2360,231,451402000000,'江州区',451400000000),(2361,231,451421000000,'扶绥县',451400000000),(2362,231,451422000000,'宁明县',451400000000),(2363,231,451423000000,'龙州县',451400000000),(2364,231,451424000000,'大新县',451400000000),(2365,231,451425000000,'天等县',451400000000),(2366,231,451481000000,'凭祥市',451400000000) ;
insert into area values (2367,232,460101000000,'市辖区',460100000000),(2368,232,460105000000,'秀英区',460100000000),(2369,232,460106000000,'龙华区',460100000000),(2370,232,460107000000,'琼山区',460100000000),(2371,232,460108000000,'美兰区',460100000000) ;
insert into area values (2372,233,460201000000,'市辖区',460200000000),(2373,233,460202000000,'海棠区',460200000000),(2374,233,460203000000,'吉阳区',460200000000),(2375,233,460204000000,'天涯区',460200000000),(2376,233,460205000000,'崖州区',460200000000) ;
insert into area values  (2377,234,460321000000,'西沙群岛',460300000000),(2378,234,460322000000,'南沙群岛',460300000000),(2379,234,460323000000,'中沙群岛的岛礁及其海域',460300000000) ;
insert into area values  (2380,235,460400100000,'那大镇',460400000000),(2381,235,460400101000,'和庆镇',460400000000),(2382,235,460400102000,'南丰镇',460400000000),(2383,235,460400103000,'大成镇',460400000000),(2384,235,460400104000,'雅星镇',460400000000),(2385,235,460400105000,'兰洋镇',460400000000),(2386,235,460400106000,'光村镇',460400000000),(2387,235,460400107000,'木棠镇',460400000000),(2388,235,460400108000,'海头镇',460400000000),(2389,235,460400109000,'峨蔓镇',460400000000),(2390,235,460400111000,'王五镇',460400000000),(2391,235,460400112000,'白马井镇',460400000000),(2392,235,460400113000,'中和镇',460400000000),(2393,235,460400114000,'排浦镇',460400000000),(2394,235,460400115000,'东成镇',460400000000),(2395,235,460400116000,'新州镇',460400000000),(2396,235,460400499000,'洋浦经济开发区',460400000000),(2397,235,460400500000,'华南热作学院',460400000000) ;
insert into area values  (2398,236,469001000000,'五指山市',469000000000),(2399,236,469002000000,'琼海市',469000000000),(2400,236,469005000000,'文昌市',469000000000),(2401,236,469006000000,'万宁市',469000000000),(2402,236,469007000000,'东方市',469000000000),(2403,236,469021000000,'定安县',469000000000),(2404,236,469022000000,'屯昌县',469000000000),(2405,236,469023000000,'澄迈县',469000000000),(2406,236,469024000000,'临高县',469000000000),(2407,236,469025000000,'白沙黎族自治县',469000000000),(2408,236,469026000000,'昌江黎族自治县',469000000000),(2409,236,469027000000,'乐东黎族自治县',469000000000),(2410,236,469028000000,'陵水黎族自治县',469000000000),(2411,236,469029000000,'保亭黎族苗族自治县',469000000000),(2412,236,469030000000,'琼中黎族苗族自治县',469000000000) ;
insert into area values  (2413,237,500101000000,'万州区',500100000000),(2414,237,500102000000,'涪陵区',500100000000),(2415,237,500103000000,'渝中区',500100000000),(2416,237,500104000000,'大渡口区',500100000000),(2417,237,500105000000,'江北区',500100000000),(2418,237,500106000000,'沙坪坝区',500100000000),(2419,237,500107000000,'九龙坡区',500100000000),(2420,237,500108000000,'南岸区',500100000000),(2421,237,500109000000,'北碚区',500100000000),(2422,237,500110000000,'綦江区',500100000000),(2423,237,500111000000,'大足区',500100000000),(2424,237,500112000000,'渝北区',500100000000),(2425,237,500113000000,'巴南区',500100000000),(2426,237,500114000000,'黔江区',500100000000),(2427,237,500115000000,'长寿区',500100000000),(2428,237,500116000000,'江津区',500100000000),(2429,237,500117000000,'合川区',500100000000),(2430,237,500118000000,'永川区',500100000000),(2431,237,500119000000,'南川区',500100000000),(2432,237,500120000000,'璧山区',500100000000),(2433,237,500151000000,'铜梁区',500100000000),(2434,237,500152000000,'潼南区',500100000000),(2435,237,500153000000,'荣昌区',500100000000),(2436,237,500154000000,'开州区',500100000000),(2437,237,500155000000,'梁平区',500100000000),(2438,237,500156000000,'武隆区',500100000000) ;
insert into area values  (2439,238,500229000000,'城口县',500200000000),(2440,238,500230000000,'丰都县',500200000000),(2441,238,500231000000,'垫江县',500200000000),(2442,238,500233000000,'忠县',500200000000),(2443,238,500235000000,'云阳县',500200000000),(2444,238,500236000000,'奉节县',500200000000),(2445,238,500237000000,'巫山县',500200000000),(2446,238,500238000000,'巫溪县',500200000000),(2447,238,500240000000,'石柱土家族自治县',500200000000),(2448,238,500241000000,'秀山土家族苗族自治县',500200000000),(2449,238,500242000000,'酉阳土家族苗族自治县',500200000000),(2450,238,500243000000,'彭水苗族土家族自治县',500200000000) ;
insert into area values (2451,239,510101000000,'市辖区',510100000000),(2452,239,510104000000,'锦江区',510100000000),(2453,239,510105000000,'青羊区',510100000000),(2454,239,510106000000,'金牛区',510100000000),(2455,239,510107000000,'武侯区',510100000000),(2456,239,510108000000,'成华区',510100000000),(2457,239,510112000000,'龙泉驿区',510100000000),(2458,239,510113000000,'青白江区',510100000000),(2459,239,510114000000,'新都区',510100000000),(2460,239,510115000000,'温江区',510100000000),(2461,239,510116000000,'双流区',510100000000),(2462,239,510117000000,'郫都区',510100000000),(2463,239,510121000000,'金堂县',510100000000),(2464,239,510129000000,'大邑县',510100000000),(2465,239,510131000000,'蒲江县',510100000000),(2466,239,510132000000,'新津县',510100000000),(2467,239,510181000000,'都江堰市',510100000000),(2468,239,510182000000,'彭州市',510100000000),(2469,239,510183000000,'邛崃市',510100000000),(2470,239,510184000000,'崇州市',510100000000),(2471,239,510185000000,'简阳市',510100000000) ;
insert into area values (2472,240,510301000000,'市辖区',510300000000),(2473,240,510302000000,'自流井区',510300000000),(2474,240,510303000000,'贡井区',510300000000),(2475,240,510304000000,'大安区',510300000000),(2476,240,510311000000,'沿滩区',510300000000),(2477,240,510321000000,'荣县',510300000000),(2478,240,510322000000,'富顺县',510300000000) ;
insert into area values (2479,241,510401000000,'市辖区',510400000000),(2480,241,510402000000,'东区',510400000000),(2481,241,510403000000,'西区',510400000000),(2482,241,510411000000,'仁和区',510400000000),(2483,241,510421000000,'米易县',510400000000),(2484,241,510422000000,'盐边县',510400000000) ;
insert into area values (2485,242,510501000000,'市辖区',510500000000),(2486,242,510502000000,'江阳区',510500000000),(2487,242,510503000000,'纳溪区',510500000000),(2488,242,510504000000,'龙马潭区',510500000000),(2489,242,510521000000,'泸县',510500000000),(2490,242,510522000000,'合江县',510500000000),(2491,242,510524000000,'叙永县',510500000000),(2492,242,510525000000,'古蔺县',510500000000) ;
insert into area values (2493,243,510601000000,'市辖区',510600000000),(2494,243,510603000000,'旌阳区',510600000000),(2495,243,510604000000,'罗江区',510600000000),(2496,243,510623000000,'中江县',510600000000),(2497,243,510681000000,'广汉市',510600000000),(2498,243,510682000000,'什邡市',510600000000),(2499,243,510683000000,'绵竹市',510600000000) ;
insert into area values (2500,244,510701000000,'市辖区',510700000000),(2501,244,510703000000,'涪城区',510700000000),(2502,244,510704000000,'游仙区',510700000000),(2503,244,510705000000,'安州区',510700000000),(2504,244,510722000000,'三台县',510700000000),(2505,244,510723000000,'盐亭县',510700000000),(2506,244,510725000000,'梓潼县',510700000000),(2507,244,510726000000,'北川羌族自治县',510700000000),(2508,244,510727000000,'平武县',510700000000),(2509,244,510781000000,'江油市',510700000000) ;
insert into area values (2510,245,510801000000,'市辖区',510800000000),(2511,245,510802000000,'利州区',510800000000),(2512,245,510811000000,'昭化区',510800000000),(2513,245,510812000000,'朝天区',510800000000),(2514,245,510821000000,'旺苍县',510800000000),(2515,245,510822000000,'青川县',510800000000),(2516,245,510823000000,'剑阁县',510800000000),(2517,245,510824000000,'苍溪县',510800000000) ;
insert into area values (2518,246,510901000000,'市辖区',510900000000),(2519,246,510903000000,'船山区',510900000000),(2520,246,510904000000,'安居区',510900000000),(2521,246,510921000000,'蓬溪县',510900000000),(2522,246,510922000000,'射洪县',510900000000),(2523,246,510923000000,'大英县',510900000000) ;
insert into area values (2524,247,511001000000,'市辖区',511000000000),(2525,247,511002000000,'市中区',511000000000),(2526,247,511011000000,'东兴区',511000000000),(2527,247,511024000000,'威远县',511000000000),(2528,247,511025000000,'资中县',511000000000),(2529,247,511071000000,'内江经济开发区',511000000000),(2530,247,511083000000,'隆昌市',511000000000) ;
insert into area values (2531,248,511101000000,'市辖区',511100000000),(2532,248,511102000000,'市中区',511100000000),(2533,248,511111000000,'沙湾区',511100000000),(2534,248,511112000000,'五通桥区',511100000000),(2535,248,511113000000,'金口河区',511100000000),(2536,248,511123000000,'犍为县',511100000000),(2537,248,511124000000,'井研县',511100000000),(2538,248,511126000000,'夹江县',511100000000),(2539,248,511129000000,'沐川县',511100000000),(2540,248,511132000000,'峨边彝族自治县',511100000000),(2541,248,511133000000,'马边彝族自治县',511100000000),(2542,248,511181000000,'峨眉山市',511100000000) ;
insert into area values (2543,249,511301000000,'市辖区',511300000000),(2544,249,511302000000,'顺庆区',511300000000),(2545,249,511303000000,'高坪区',511300000000),(2546,249,511304000000,'嘉陵区',511300000000),(2547,249,511321000000,'南部县',511300000000),(2548,249,511322000000,'营山县',511300000000),(2549,249,511323000000,'蓬安县',511300000000),(2550,249,511324000000,'仪陇县',511300000000),(2551,249,511325000000,'西充县',511300000000),(2552,249,511381000000,'阆中市',511300000000) ;
insert into area values (2553,250,511401000000,'市辖区',511400000000),(2554,250,511402000000,'东坡区',511400000000),(2555,250,511403000000,'彭山区',511400000000),(2556,250,511421000000,'仁寿县',511400000000),(2557,250,511423000000,'洪雅县',511400000000),(2558,250,511424000000,'丹棱县',511400000000),(2559,250,511425000000,'青神县',511400000000) ;
insert into area values (2560,251,511501000000,'市辖区',511500000000),(2561,251,511502000000,'翠屏区',511500000000),(2562,251,511503000000,'南溪区',511500000000),(2563,251,511504000000,'叙州区',511500000000),(2564,251,511523000000,'江安县',511500000000),(2565,251,511524000000,'长宁县',511500000000),(2566,251,511525000000,'高县',511500000000),(2567,251,511526000000,'珙县',511500000000),(2568,251,511527000000,'筠连县',511500000000),(2569,251,511528000000,'兴文县',511500000000),(2570,251,511529000000,'屏山县',511500000000) ;
insert into area values (2571,252,511601000000,'市辖区',511600000000),(2572,252,511602000000,'广安区',511600000000),(2573,252,511603000000,'前锋区',511600000000),(2574,252,511621000000,'岳池县',511600000000),(2575,252,511622000000,'武胜县',511600000000),(2576,252,511623000000,'邻水县',511600000000),(2577,252,511681000000,'华蓥市',511600000000) ;
insert into area values (2578,253,511701000000,'市辖区',511700000000),(2579,253,511702000000,'通川区',511700000000),(2580,253,511703000000,'达川区',511700000000),(2581,253,511722000000,'宣汉县',511700000000),(2582,253,511723000000,'开江县',511700000000),(2583,253,511724000000,'大竹县',511700000000),(2584,253,511725000000,'渠县',511700000000),(2585,253,511771000000,'达州经济开发区',511700000000),(2586,253,511781000000,'万源市',511700000000) ;
insert into area values (2587,254,511801000000,'市辖区',511800000000),(2588,254,511802000000,'雨城区',511800000000),(2589,254,511803000000,'名山区',511800000000),(2590,254,511822000000,'荥经县',511800000000),(2591,254,511823000000,'汉源县',511800000000),(2592,254,511824000000,'石棉县',511800000000),(2593,254,511825000000,'天全县',511800000000),(2594,254,511826000000,'芦山县',511800000000),(2595,254,511827000000,'宝兴县',511800000000) ;
insert into area values (2596,255,511901000000,'市辖区',511900000000),(2597,255,511902000000,'巴州区',511900000000),(2598,255,511903000000,'恩阳区',511900000000),(2599,255,511921000000,'通江县',511900000000),(2600,255,511922000000,'南江县',511900000000),(2601,255,511923000000,'平昌县',511900000000),(2602,255,511971000000,'巴中经济开发区',511900000000) ;
insert into area values (2603,256,512001000000,'市辖区',512000000000),(2604,256,512002000000,'雁江区',512000000000),(2605,256,512021000000,'安岳县',512000000000),(2606,256,512022000000,'乐至县',512000000000) ;
insert into area values  (2607,257,513201000000,'马尔康市',513200000000),(2608,257,513221000000,'汶川县',513200000000),(2609,257,513222000000,'理县',513200000000),(2610,257,513223000000,'茂县',513200000000),(2611,257,513224000000,'松潘县',513200000000),(2612,257,513225000000,'九寨沟县',513200000000),(2613,257,513226000000,'金川县',513200000000),(2614,257,513227000000,'小金县',513200000000),(2615,257,513228000000,'黑水县',513200000000),(2616,257,513230000000,'壤塘县',513200000000),(2617,257,513231000000,'阿坝县',513200000000),(2618,257,513232000000,'若尔盖县',513200000000),(2619,257,513233000000,'红原县',513200000000) ;
insert into area values  (2620,258,513301000000,'康定市',513300000000),(2621,258,513322000000,'泸定县',513300000000),(2622,258,513323000000,'丹巴县',513300000000),(2623,258,513324000000,'九龙县',513300000000),(2624,258,513325000000,'雅江县',513300000000),(2625,258,513326000000,'道孚县',513300000000),(2626,258,513327000000,'炉霍县',513300000000),(2627,258,513328000000,'甘孜县',513300000000),(2628,258,513329000000,'新龙县',513300000000),(2629,258,513330000000,'德格县',513300000000),(2630,258,513331000000,'白玉县',513300000000),(2631,258,513332000000,'石渠县',513300000000),(2632,258,513333000000,'色达县',513300000000),(2633,258,513334000000,'理塘县',513300000000),(2634,258,513335000000,'巴塘县',513300000000),(2635,258,513336000000,'乡城县',513300000000),(2636,258,513337000000,'稻城县',513300000000),(2637,258,513338000000,'得荣县',513300000000) ;
insert into area values  (2638,259,513401000000,'西昌市',513400000000),(2639,259,513422000000,'木里藏族自治县',513400000000),(2640,259,513423000000,'盐源县',513400000000),(2641,259,513424000000,'德昌县',513400000000),(2642,259,513425000000,'会理县',513400000000),(2643,259,513426000000,'会东县',513400000000),(2644,259,513427000000,'宁南县',513400000000),(2645,259,513428000000,'普格县',513400000000),(2646,259,513429000000,'布拖县',513400000000),(2647,259,513430000000,'金阳县',513400000000),(2648,259,513431000000,'昭觉县',513400000000),(2649,259,513432000000,'喜德县',513400000000),(2650,259,513433000000,'冕宁县',513400000000),(2651,259,513434000000,'越西县',513400000000),(2652,259,513435000000,'甘洛县',513400000000),(2653,259,513436000000,'美姑县',513400000000),(2654,259,513437000000,'雷波县',513400000000) ;
insert into area values (2655,260,520101000000,'市辖区',520100000000),(2656,260,520102000000,'南明区',520100000000),(2657,260,520103000000,'云岩区',520100000000),(2658,260,520111000000,'花溪区',520100000000),(2659,260,520112000000,'乌当区',520100000000),(2660,260,520113000000,'白云区',520100000000),(2661,260,520115000000,'观山湖区',520100000000),(2662,260,520121000000,'开阳县',520100000000),(2663,260,520122000000,'息烽县',520100000000),(2664,260,520123000000,'修文县',520100000000),(2665,260,520181000000,'清镇市',520100000000) ;
insert into area values  (2666,261,520201000000,'钟山区',520200000000),(2667,261,520203000000,'六枝特区',520200000000),(2668,261,520221000000,'水城县',520200000000),(2669,261,520281000000,'盘州市',520200000000) ;
insert into area values (2670,262,520301000000,'市辖区',520300000000),(2671,262,520302000000,'红花岗区',520300000000),(2672,262,520303000000,'汇川区',520300000000),(2673,262,520304000000,'播州区',520300000000),(2674,262,520322000000,'桐梓县',520300000000),(2675,262,520323000000,'绥阳县',520300000000),(2676,262,520324000000,'正安县',520300000000),(2677,262,520325000000,'道真仡佬族苗族自治县',520300000000),(2678,262,520326000000,'务川仡佬族苗族自治县',520300000000),(2679,262,520327000000,'凤冈县',520300000000),(2680,262,520328000000,'湄潭县',520300000000),(2681,262,520329000000,'余庆县',520300000000),(2682,262,520330000000,'习水县',520300000000),(2683,262,520381000000,'赤水市',520300000000),(2684,262,520382000000,'仁怀市',520300000000) ;
insert into area values (2685,263,520401000000,'市辖区',520400000000),(2686,263,520402000000,'西秀区',520400000000),(2687,263,520403000000,'平坝区',520400000000),(2688,263,520422000000,'普定县',520400000000),(2689,263,520423000000,'镇宁布依族苗族自治县',520400000000),(2690,263,520424000000,'关岭布依族苗族自治县',520400000000),(2691,263,520425000000,'紫云苗族布依族自治县',520400000000) ;
insert into area values (2692,264,520501000000,'市辖区',520500000000),(2693,264,520502000000,'七星关区',520500000000),(2694,264,520521000000,'大方县',520500000000),(2695,264,520522000000,'黔西县',520500000000),(2696,264,520523000000,'金沙县',520500000000),(2697,264,520524000000,'织金县',520500000000),(2698,264,520525000000,'纳雍县',520500000000),(2699,264,520526000000,'威宁彝族回族苗族自治县',520500000000),(2700,264,520527000000,'赫章县',520500000000) ;
insert into area values (2701,265,520601000000,'市辖区',520600000000),(2702,265,520602000000,'碧江区',520600000000),(2703,265,520603000000,'万山区',520600000000),(2704,265,520621000000,'江口县',520600000000),(2705,265,520622000000,'玉屏侗族自治县',520600000000),(2706,265,520623000000,'石阡县',520600000000),(2707,265,520624000000,'思南县',520600000000),(2708,265,520625000000,'印江土家族苗族自治县',520600000000),(2709,265,520626000000,'德江县',520600000000),(2710,265,520627000000,'沿河土家族自治县',520600000000),(2711,265,520628000000,'松桃苗族自治县',520600000000) ;
insert into area values  (2712,266,522301000000,'兴义市',522300000000),(2713,266,522302000000,'兴仁市',522300000000),(2714,266,522323000000,'普安县',522300000000),(2715,266,522324000000,'晴隆县',522300000000),(2716,266,522325000000,'贞丰县',522300000000),(2717,266,522326000000,'望谟县',522300000000),(2718,266,522327000000,'册亨县',522300000000),(2719,266,522328000000,'安龙县',522300000000) ;
insert into area values  (2720,267,522601000000,'凯里市',522600000000),(2721,267,522622000000,'黄平县',522600000000),(2722,267,522623000000,'施秉县',522600000000),(2723,267,522624000000,'三穗县',522600000000),(2724,267,522625000000,'镇远县',522600000000),(2725,267,522626000000,'岑巩县',522600000000),(2726,267,522627000000,'天柱县',522600000000),(2727,267,522628000000,'锦屏县',522600000000),(2728,267,522629000000,'剑河县',522600000000),(2729,267,522630000000,'台江县',522600000000),(2730,267,522631000000,'黎平县',522600000000),(2731,267,522632000000,'榕江县',522600000000),(2732,267,522633000000,'从江县',522600000000),(2733,267,522634000000,'雷山县',522600000000),(2734,267,522635000000,'麻江县',522600000000),(2735,267,522636000000,'丹寨县',522600000000) ;
insert into area values  (2736,268,522701000000,'都匀市',522700000000),(2737,268,522702000000,'福泉市',522700000000),(2738,268,522722000000,'荔波县',522700000000),(2739,268,522723000000,'贵定县',522700000000),(2740,268,522725000000,'瓮安县',522700000000),(2741,268,522726000000,'独山县',522700000000),(2742,268,522727000000,'平塘县',522700000000),(2743,268,522728000000,'罗甸县',522700000000),(2744,268,522729000000,'长顺县',522700000000),(2745,268,522730000000,'龙里县',522700000000),(2746,268,522731000000,'惠水县',522700000000),(2747,268,522732000000,'三都水族自治县',522700000000) ;
insert into area values (2748,269,530101000000,'市辖区',530100000000),(2749,269,530102000000,'五华区',530100000000),(2750,269,530103000000,'盘龙区',530100000000),(2751,269,530111000000,'官渡区',530100000000),(2752,269,530112000000,'西山区',530100000000),(2753,269,530113000000,'东川区',530100000000),(2754,269,530114000000,'呈贡区',530100000000),(2755,269,530115000000,'晋宁区',530100000000),(2756,269,530124000000,'富民县',530100000000),(2757,269,530125000000,'宜良县',530100000000),(2758,269,530126000000,'石林彝族自治县',530100000000),(2759,269,530127000000,'嵩明县',530100000000),(2760,269,530128000000,'禄劝彝族苗族自治县',530100000000),(2761,269,530129000000,'寻甸回族彝族自治县',530100000000),(2762,269,530181000000,'安宁市',530100000000) ;
insert into area values (2763,270,530301000000,'市辖区',530300000000),(2764,270,530302000000,'麒麟区',530300000000),(2765,270,530303000000,'沾益区',530300000000),(2766,270,530304000000,'马龙区',530300000000),(2767,270,530322000000,'陆良县',530300000000),(2768,270,530323000000,'师宗县',530300000000),(2769,270,530324000000,'罗平县',530300000000),(2770,270,530325000000,'富源县',530300000000),(2771,270,530326000000,'会泽县',530300000000),(2772,270,530381000000,'宣威市',530300000000) ;
insert into area values (2773,271,530401000000,'市辖区',530400000000),(2774,271,530402000000,'红塔区',530400000000),(2775,271,530403000000,'江川区',530400000000),(2776,271,530422000000,'澄江县',530400000000),(2777,271,530423000000,'通海县',530400000000),(2778,271,530424000000,'华宁县',530400000000),(2779,271,530425000000,'易门县',530400000000),(2780,271,530426000000,'峨山彝族自治县',530400000000),(2781,271,530427000000,'新平彝族傣族自治县',530400000000),(2782,271,530428000000,'元江哈尼族彝族傣族自治县',530400000000) ;
insert into area values (2783,272,530501000000,'市辖区',530500000000),(2784,272,530502000000,'隆阳区',530500000000),(2785,272,530521000000,'施甸县',530500000000),(2786,272,530523000000,'龙陵县',530500000000),(2787,272,530524000000,'昌宁县',530500000000),(2788,272,530581000000,'腾冲市',530500000000) ;
insert into area values (2789,273,530601000000,'市辖区',530600000000),(2790,273,530602000000,'昭阳区',530600000000),(2791,273,530621000000,'鲁甸县',530600000000),(2792,273,530622000000,'巧家县',530600000000),(2793,273,530623000000,'盐津县',530600000000),(2794,273,530624000000,'大关县',530600000000),(2795,273,530625000000,'永善县',530600000000),(2796,273,530626000000,'绥江县',530600000000),(2797,273,530627000000,'镇雄县',530600000000),(2798,273,530628000000,'彝良县',530600000000),(2799,273,530629000000,'威信县',530600000000),(2800,273,530681000000,'水富市',530600000000) ;
insert into area values (2801,274,530701000000,'市辖区',530700000000),(2802,274,530702000000,'古城区',530700000000),(2803,274,530721000000,'玉龙纳西族自治县',530700000000),(2804,274,530722000000,'永胜县',530700000000),(2805,274,530723000000,'华坪县',530700000000),(2806,274,530724000000,'宁蒗彝族自治县',530700000000) ;
insert into area values (2807,275,530801000000,'市辖区',530800000000),(2808,275,530802000000,'思茅区',530800000000),(2809,275,530821000000,'宁洱哈尼族彝族自治县',530800000000),(2810,275,530822000000,'墨江哈尼族自治县',530800000000),(2811,275,530823000000,'景东彝族自治县',530800000000),(2812,275,530824000000,'景谷傣族彝族自治县',530800000000),(2813,275,530825000000,'镇沅彝族哈尼族拉祜族自治县',530800000000),(2814,275,530826000000,'江城哈尼族彝族自治县',530800000000),(2815,275,530827000000,'孟连傣族拉祜族佤族自治县',530800000000),(2816,275,530828000000,'澜沧拉祜族自治县',530800000000),(2817,275,530829000000,'西盟佤族自治县',530800000000) ;
insert into area values (2818,276,530901000000,'市辖区',530900000000),(2819,276,530902000000,'临翔区',530900000000),(2820,276,530921000000,'凤庆县',530900000000),(2821,276,530922000000,'云县',530900000000),(2822,276,530923000000,'永德县',530900000000),(2823,276,530924000000,'镇康县',530900000000),(2824,276,530925000000,'双江拉祜族佤族布朗族傣族自治县',530900000000),(2825,276,530926000000,'耿马傣族佤族自治县',530900000000),(2826,276,530927000000,'沧源佤族自治县',530900000000) ;
insert into area values  (2827,277,532301000000,'楚雄市',532300000000),(2828,277,532322000000,'双柏县',532300000000),(2829,277,532323000000,'牟定县',532300000000),(2830,277,532324000000,'南华县',532300000000),(2831,277,532325000000,'姚安县',532300000000),(2832,277,532326000000,'大姚县',532300000000),(2833,277,532327000000,'永仁县',532300000000),(2834,277,532328000000,'元谋县',532300000000),(2835,277,532329000000,'武定县',532300000000),(2836,277,532331000000,'禄丰县',532300000000) ;
insert into area values  (2837,278,532501000000,'个旧市',532500000000),(2838,278,532502000000,'开远市',532500000000),(2839,278,532503000000,'蒙自市',532500000000),(2840,278,532504000000,'弥勒市',532500000000),(2841,278,532523000000,'屏边苗族自治县',532500000000),(2842,278,532524000000,'建水县',532500000000),(2843,278,532525000000,'石屏县',532500000000),(2844,278,532527000000,'泸西县',532500000000),(2845,278,532528000000,'元阳县',532500000000),(2846,278,532529000000,'红河县',532500000000),(2847,278,532530000000,'金平苗族瑶族傣族自治县',532500000000),(2848,278,532531000000,'绿春县',532500000000),(2849,278,532532000000,'河口瑶族自治县',532500000000) ;
insert into area values  (2850,279,532601000000,'文山市',532600000000),(2851,279,532622000000,'砚山县',532600000000),(2852,279,532623000000,'西畴县',532600000000),(2853,279,532624000000,'麻栗坡县',532600000000),(2854,279,532625000000,'马关县',532600000000),(2855,279,532626000000,'丘北县',532600000000),(2856,279,532627000000,'广南县',532600000000),(2857,279,532628000000,'富宁县',532600000000) ;
insert into area values  (2858,280,532801000000,'景洪市',532800000000),(2859,280,532822000000,'勐海县',532800000000),(2860,280,532823000000,'勐腊县',532800000000) ;
insert into area values  (2861,281,532901000000,'大理市',532900000000),(2862,281,532922000000,'漾濞彝族自治县',532900000000),(2863,281,532923000000,'祥云县',532900000000),(2864,281,532924000000,'宾川县',532900000000),(2865,281,532925000000,'弥渡县',532900000000),(2866,281,532926000000,'南涧彝族自治县',532900000000),(2867,281,532927000000,'巍山彝族回族自治县',532900000000),(2868,281,532928000000,'永平县',532900000000),(2869,281,532929000000,'云龙县',532900000000),(2870,281,532930000000,'洱源县',532900000000),(2871,281,532931000000,'剑川县',532900000000),(2872,281,532932000000,'鹤庆县',532900000000) ;
insert into area values  (2873,282,533102000000,'瑞丽市',533100000000),(2874,282,533103000000,'芒市',533100000000),(2875,282,533122000000,'梁河县',533100000000),(2876,282,533123000000,'盈江县',533100000000),(2877,282,533124000000,'陇川县',533100000000) ;
insert into area values  (2878,283,533301000000,'泸水市',533300000000),(2879,283,533323000000,'福贡县',533300000000),(2880,283,533324000000,'贡山独龙族怒族自治县',533300000000),(2881,283,533325000000,'兰坪白族普米族自治县',533300000000) ;
insert into area values  (2882,284,533401000000,'香格里拉市',533400000000),(2883,284,533422000000,'德钦县',533400000000),(2884,284,533423000000,'维西傈僳族自治县',533400000000) ;
insert into area values (2885,285,540101000000,'市辖区',540100000000),(2886,285,540102000000,'城关区',540100000000),(2887,285,540103000000,'堆龙德庆区',540100000000),(2888,285,540104000000,'达孜区',540100000000),(2889,285,540121000000,'林周县',540100000000),(2890,285,540122000000,'当雄县',540100000000),(2891,285,540123000000,'尼木县',540100000000),(2892,285,540124000000,'曲水县',540100000000),(2893,285,540127000000,'墨竹工卡县',540100000000),(2894,285,540171000000,'格尔木藏青工业园区',540100000000),(2895,285,540172000000,'拉萨经济技术开发区',540100000000),(2896,285,540173000000,'西藏文化旅游创意园区',540100000000),(2897,285,540174000000,'达孜工业园区',540100000000) ;
insert into area values  (2898,286,540202000000,'桑珠孜区',540200000000),(2899,286,540221000000,'南木林县',540200000000),(2900,286,540222000000,'江孜县',540200000000),(2901,286,540223000000,'定日县',540200000000),(2902,286,540224000000,'萨迦县',540200000000),(2903,286,540225000000,'拉孜县',540200000000),(2904,286,540226000000,'昂仁县',540200000000),(2905,286,540227000000,'谢通门县',540200000000),(2906,286,540228000000,'白朗县',540200000000),(2907,286,540229000000,'仁布县',540200000000),(2908,286,540230000000,'康马县',540200000000),(2909,286,540231000000,'定结县',540200000000),(2910,286,540232000000,'仲巴县',540200000000),(2911,286,540233000000,'亚东县',540200000000),(2912,286,540234000000,'吉隆县',540200000000),(2913,286,540235000000,'聂拉木县',540200000000),(2914,286,540236000000,'萨嘎县',540200000000),(2915,286,540237000000,'岗巴县',540200000000) ;
insert into area values  (2916,287,540302000000,'卡若区',540300000000),(2917,287,540321000000,'江达县',540300000000),(2918,287,540322000000,'贡觉县',540300000000),(2919,287,540323000000,'类乌齐县',540300000000),(2920,287,540324000000,'丁青县',540300000000),(2921,287,540325000000,'察雅县',540300000000),(2922,287,540326000000,'八宿县',540300000000),(2923,287,540327000000,'左贡县',540300000000),(2924,287,540328000000,'芒康县',540300000000),(2925,287,540329000000,'洛隆县',540300000000),(2926,287,540330000000,'边坝县',540300000000) ;
insert into area values  (2927,288,540402000000,'巴宜区',540400000000),(2928,288,540421000000,'工布江达县',540400000000),(2929,288,540422000000,'米林县',540400000000),(2930,288,540423000000,'墨脱县',540400000000),(2931,288,540424000000,'波密县',540400000000),(2932,288,540425000000,'察隅县',540400000000),(2933,288,540426000000,'朗县',540400000000) ;
insert into area values (2934,289,540501000000,'市辖区',540500000000),(2935,289,540502000000,'乃东区',540500000000),(2936,289,540521000000,'扎囊县',540500000000),(2937,289,540522000000,'贡嘎县',540500000000),(2938,289,540523000000,'桑日县',540500000000),(2939,289,540524000000,'琼结县',540500000000),(2940,289,540525000000,'曲松县',540500000000),(2941,289,540526000000,'措美县',540500000000),(2942,289,540527000000,'洛扎县',540500000000),(2943,289,540528000000,'加查县',540500000000),(2944,289,540529000000,'隆子县',540500000000),(2945,289,540530000000,'错那县',540500000000),(2946,289,540531000000,'浪卡子县',540500000000) ;
insert into area values  (2947,290,540602000000,'色尼区',540600000000),(2948,290,540621000000,'嘉黎县',540600000000),(2949,290,540622000000,'比如县',540600000000),(2950,290,540623000000,'聂荣县',540600000000),(2951,290,540624000000,'安多县',540600000000),(2952,290,540625000000,'申扎县',540600000000),(2953,290,540626000000,'索县',540600000000),(2954,290,540627000000,'班戈县',540600000000),(2955,290,540628000000,'巴青县',540600000000),(2956,290,540629000000,'尼玛县',540600000000),(2957,290,540630000000,'双湖县',540600000000) ;
insert into area values  (2958,291,542521000000,'普兰县',542500000000),(2959,291,542522000000,'札达县',542500000000),(2960,291,542523000000,'噶尔县',542500000000),(2961,291,542524000000,'日土县',542500000000),(2962,291,542525000000,'革吉县',542500000000),(2963,291,542526000000,'改则县',542500000000),(2964,291,542527000000,'措勤县',542500000000) ;
insert into area values (2965,292,610101000000,'市辖区',610100000000),(2966,292,610102000000,'新城区',610100000000),(2967,292,610103000000,'碑林区',610100000000),(2968,292,610104000000,'莲湖区',610100000000),(2969,292,610111000000,'灞桥区',610100000000),(2970,292,610112000000,'未央区',610100000000),(2971,292,610113000000,'雁塔区',610100000000),(2972,292,610114000000,'阎良区',610100000000),(2973,292,610115000000,'临潼区',610100000000),(2974,292,610116000000,'长安区',610100000000),(2975,292,610117000000,'高陵区',610100000000),(2976,292,610118000000,'鄠邑区',610100000000),(2977,292,610122000000,'蓝田县',610100000000),(2978,292,610124000000,'周至县',610100000000) ;
insert into area values (2979,293,610201000000,'市辖区',610200000000),(2980,293,610202000000,'王益区',610200000000),(2981,293,610203000000,'印台区',610200000000),(2982,293,610204000000,'耀州区',610200000000),(2983,293,610222000000,'宜君县',610200000000) ;
insert into area values (2984,294,610301000000,'市辖区',610300000000),(2985,294,610302000000,'渭滨区',610300000000),(2986,294,610303000000,'金台区',610300000000),(2987,294,610304000000,'陈仓区',610300000000),(2988,294,610322000000,'凤翔县',610300000000),(2989,294,610323000000,'岐山县',610300000000),(2990,294,610324000000,'扶风县',610300000000),(2991,294,610326000000,'眉县',610300000000),(2992,294,610327000000,'陇县',610300000000),(2993,294,610328000000,'千阳县',610300000000),(2994,294,610329000000,'麟游县',610300000000),(2995,294,610330000000,'凤县',610300000000),(2996,294,610331000000,'太白县',610300000000) ;
insert into area values (2997,295,610401000000,'市辖区',610400000000),(2998,295,610402000000,'秦都区',610400000000),(2999,295,610403000000,'杨陵区',610400000000),(3000,295,610404000000,'渭城区',610400000000),(3001,295,610422000000,'三原县',610400000000),(3002,295,610423000000,'泾阳县',610400000000),(3003,295,610424000000,'乾县',610400000000),(3004,295,610425000000,'礼泉县',610400000000),(3005,295,610426000000,'永寿县',610400000000),(3006,295,610428000000,'长武县',610400000000),(3007,295,610429000000,'旬邑县',610400000000),(3008,295,610430000000,'淳化县',610400000000),(3009,295,610431000000,'武功县',610400000000),(3010,295,610481000000,'兴平市',610400000000),(3011,295,610482000000,'彬州市',610400000000) ;
insert into area values (3012,296,610501000000,'市辖区',610500000000),(3013,296,610502000000,'临渭区',610500000000),(3014,296,610503000000,'华州区',610500000000),(3015,296,610522000000,'潼关县',610500000000),(3016,296,610523000000,'大荔县',610500000000),(3017,296,610524000000,'合阳县',610500000000),(3018,296,610525000000,'澄城县',610500000000),(3019,296,610526000000,'蒲城县',610500000000),(3020,296,610527000000,'白水县',610500000000),(3021,296,610528000000,'富平县',610500000000),(3022,296,610581000000,'韩城市',610500000000),(3023,296,610582000000,'华阴市',610500000000) ;
insert into area values (3024,297,610601000000,'市辖区',610600000000),(3025,297,610602000000,'宝塔区',610600000000),(3026,297,610603000000,'安塞区',610600000000),(3027,297,610621000000,'延长县',610600000000),(3028,297,610622000000,'延川县',610600000000),(3029,297,610623000000,'子长县',610600000000),(3030,297,610625000000,'志丹县',610600000000),(3031,297,610626000000,'吴起县',610600000000),(3032,297,610627000000,'甘泉县',610600000000),(3033,297,610628000000,'富县',610600000000),(3034,297,610629000000,'洛川县',610600000000),(3035,297,610630000000,'宜川县',610600000000),(3036,297,610631000000,'黄龙县',610600000000),(3037,297,610632000000,'黄陵县',610600000000) ;
insert into area values (3038,298,610701000000,'市辖区',610700000000),(3039,298,610702000000,'汉台区',610700000000),(3040,298,610703000000,'南郑区',610700000000),(3041,298,610722000000,'城固县',610700000000),(3042,298,610723000000,'洋县',610700000000),(3043,298,610724000000,'西乡县',610700000000),(3044,298,610725000000,'勉县',610700000000),(3045,298,610726000000,'宁强县',610700000000),(3046,298,610727000000,'略阳县',610700000000),(3047,298,610728000000,'镇巴县',610700000000),(3048,298,610729000000,'留坝县',610700000000),(3049,298,610730000000,'佛坪县',610700000000) ;
insert into area values (3050,299,610801000000,'市辖区',610800000000),(3051,299,610802000000,'榆阳区',610800000000),(3052,299,610803000000,'横山区',610800000000),(3053,299,610822000000,'府谷县',610800000000),(3054,299,610824000000,'靖边县',610800000000),(3055,299,610825000000,'定边县',610800000000),(3056,299,610826000000,'绥德县',610800000000),(3057,299,610827000000,'米脂县',610800000000),(3058,299,610828000000,'佳县',610800000000),(3059,299,610829000000,'吴堡县',610800000000),(3060,299,610830000000,'清涧县',610800000000),(3061,299,610831000000,'子洲县',610800000000),(3062,299,610881000000,'神木市',610800000000) ;
insert into area values (3063,300,610901000000,'市辖区',610900000000),(3064,300,610902000000,'汉滨区',610900000000),(3065,300,610921000000,'汉阴县',610900000000),(3066,300,610922000000,'石泉县',610900000000),(3067,300,610923000000,'宁陕县',610900000000),(3068,300,610924000000,'紫阳县',610900000000),(3069,300,610925000000,'岚皋县',610900000000),(3070,300,610926000000,'平利县',610900000000),(3071,300,610927000000,'镇坪县',610900000000),(3072,300,610928000000,'旬阳县',610900000000),(3073,300,610929000000,'白河县',610900000000) ;
insert into area values (3074,301,611001000000,'市辖区',611000000000),(3075,301,611002000000,'商州区',611000000000),(3076,301,611021000000,'洛南县',611000000000),(3077,301,611022000000,'丹凤县',611000000000),(3078,301,611023000000,'商南县',611000000000),(3079,301,611024000000,'山阳县',611000000000),(3080,301,611025000000,'镇安县',611000000000),(3081,301,611026000000,'柞水县',611000000000) ;
insert into area values (3082,302,620101000000,'市辖区',620100000000),(3083,302,620102000000,'城关区',620100000000),(3084,302,620103000000,'七里河区',620100000000),(3085,302,620104000000,'西固区',620100000000),(3086,302,620105000000,'安宁区',620100000000),(3087,302,620111000000,'红古区',620100000000),(3088,302,620121000000,'永登县',620100000000),(3089,302,620122000000,'皋兰县',620100000000),(3090,302,620123000000,'榆中县',620100000000),(3091,302,620171000000,'兰州新区',620100000000) ;
insert into area values  (3092,303,620201000000,'市辖区',620200000000) ;
insert into area values (3093,304,620301000000,'市辖区',620300000000),(3094,304,620302000000,'金川区',620300000000),(3095,304,620321000000,'永昌县',620300000000) ;
insert into area values (3096,305,620401000000,'市辖区',620400000000),(3097,305,620402000000,'白银区',620400000000),(3098,305,620403000000,'平川区',620400000000),(3099,305,620421000000,'靖远县',620400000000),(3100,305,620422000000,'会宁县',620400000000),(3101,305,620423000000,'景泰县',620400000000) ;
insert into area values (3102,306,620501000000,'市辖区',620500000000),(3103,306,620502000000,'秦州区',620500000000),(3104,306,620503000000,'麦积区',620500000000),(3105,306,620521000000,'清水县',620500000000),(3106,306,620522000000,'秦安县',620500000000),(3107,306,620523000000,'甘谷县',620500000000),(3108,306,620524000000,'武山县',620500000000),(3109,306,620525000000,'张家川回族自治县',620500000000) ;
insert into area values (3110,307,620601000000,'市辖区',620600000000),(3111,307,620602000000,'凉州区',620600000000),(3112,307,620621000000,'民勤县',620600000000),(3113,307,620622000000,'古浪县',620600000000),(3114,307,620623000000,'天祝藏族自治县',620600000000) ;
insert into area values (3115,308,620701000000,'市辖区',620700000000),(3116,308,620702000000,'甘州区',620700000000),(3117,308,620721000000,'肃南裕固族自治县',620700000000),(3118,308,620722000000,'民乐县',620700000000),(3119,308,620723000000,'临泽县',620700000000),(3120,308,620724000000,'高台县',620700000000),(3121,308,620725000000,'山丹县',620700000000) ;
insert into area values (3122,309,620801000000,'市辖区',620800000000),(3123,309,620802000000,'崆峒区',620800000000),(3124,309,620821000000,'泾川县',620800000000),(3125,309,620822000000,'灵台县',620800000000),(3126,309,620823000000,'崇信县',620800000000),(3127,309,620825000000,'庄浪县',620800000000),(3128,309,620826000000,'静宁县',620800000000),(3129,309,620881000000,'华亭市',620800000000) ;
insert into area values (3130,310,620901000000,'市辖区',620900000000),(3131,310,620902000000,'肃州区',620900000000),(3132,310,620921000000,'金塔县',620900000000),(3133,310,620922000000,'瓜州县',620900000000),(3134,310,620923000000,'肃北蒙古族自治县',620900000000),(3135,310,620924000000,'阿克塞哈萨克族自治县',620900000000),(3136,310,620981000000,'玉门市',620900000000),(3137,310,620982000000,'敦煌市',620900000000) ;
insert into area values (3138,311,621001000000,'市辖区',621000000000),(3139,311,621002000000,'西峰区',621000000000),(3140,311,621021000000,'庆城县',621000000000),(3141,311,621022000000,'环县',621000000000),(3142,311,621023000000,'华池县',621000000000),(3143,311,621024000000,'合水县',621000000000),(3144,311,621025000000,'正宁县',621000000000),(3145,311,621026000000,'宁县',621000000000),(3146,311,621027000000,'镇原县',621000000000) ;
insert into area values (3147,312,621101000000,'市辖区',621100000000),(3148,312,621102000000,'安定区',621100000000),(3149,312,621121000000,'通渭县',621100000000),(3150,312,621122000000,'陇西县',621100000000),(3151,312,621123000000,'渭源县',621100000000),(3152,312,621124000000,'临洮县',621100000000),(3153,312,621125000000,'漳县',621100000000),(3154,312,621126000000,'岷县',621100000000) ;
insert into area values (3155,313,621201000000,'市辖区',621200000000),(3156,313,621202000000,'武都区',621200000000),(3157,313,621221000000,'成县',621200000000),(3158,313,621222000000,'文县',621200000000),(3159,313,621223000000,'宕昌县',621200000000),(3160,313,621224000000,'康县',621200000000),(3161,313,621225000000,'西和县',621200000000),(3162,313,621226000000,'礼县',621200000000),(3163,313,621227000000,'徽县',621200000000),(3164,313,621228000000,'两当县',621200000000) ;
insert into area values  (3165,314,622901000000,'临夏市',622900000000),(3166,314,622921000000,'临夏县',622900000000),(3167,314,622922000000,'康乐县',622900000000),(3168,314,622923000000,'永靖县',622900000000),(3169,314,622924000000,'广河县',622900000000),(3170,314,622925000000,'和政县',622900000000),(3171,314,622926000000,'东乡族自治县',622900000000),(3172,314,622927000000,'积石山保安族东乡族撒拉族自治县',622900000000) ;
insert into area values  (3173,315,623001000000,'合作市',623000000000),(3174,315,623021000000,'临潭县',623000000000),(3175,315,623022000000,'卓尼县',623000000000),(3176,315,623023000000,'舟曲县',623000000000),(3177,315,623024000000,'迭部县',623000000000),(3178,315,623025000000,'玛曲县',623000000000),(3179,315,623026000000,'碌曲县',623000000000),(3180,315,623027000000,'夏河县',623000000000) ;
insert into area values (3181,316,630101000000,'市辖区',630100000000),(3182,316,630102000000,'城东区',630100000000),(3183,316,630103000000,'城中区',630100000000),(3184,316,630104000000,'城西区',630100000000),(3185,316,630105000000,'城北区',630100000000),(3186,316,630121000000,'大通回族土族自治县',630100000000),(3187,316,630122000000,'湟中县',630100000000),(3188,316,630123000000,'湟源县',630100000000) ;
insert into area values  (3189,317,630202000000,'乐都区',630200000000),(3190,317,630203000000,'平安区',630200000000),(3191,317,630222000000,'民和回族土族自治县',630200000000),(3192,317,630223000000,'互助土族自治县',630200000000),(3193,317,630224000000,'化隆回族自治县',630200000000),(3194,317,630225000000,'循化撒拉族自治县',630200000000) ;
insert into area values  (3195,318,632221000000,'门源回族自治县',632200000000),(3196,318,632222000000,'祁连县',632200000000),(3197,318,632223000000,'海晏县',632200000000),(3198,318,632224000000,'刚察县',632200000000) ;
insert into area values  (3199,319,632321000000,'同仁县',632300000000),(3200,319,632322000000,'尖扎县',632300000000),(3201,319,632323000000,'泽库县',632300000000),(3202,319,632324000000,'河南蒙古族自治县',632300000000) ;
insert into area values  (3203,320,632521000000,'共和县',632500000000),(3204,320,632522000000,'同德县',632500000000),(3205,320,632523000000,'贵德县',632500000000),(3206,320,632524000000,'兴海县',632500000000),(3207,320,632525000000,'贵南县',632500000000) ;
insert into area values  (3208,321,632621000000,'玛沁县',632600000000),(3209,321,632622000000,'班玛县',632600000000),(3210,321,632623000000,'甘德县',632600000000),(3211,321,632624000000,'达日县',632600000000),(3212,321,632625000000,'久治县',632600000000),(3213,321,632626000000,'玛多县',632600000000) ;
insert into area values  (3214,322,632701000000,'玉树市',632700000000),(3215,322,632722000000,'杂多县',632700000000),(3216,322,632723000000,'称多县',632700000000),(3217,322,632724000000,'治多县',632700000000),(3218,322,632725000000,'囊谦县',632700000000),(3219,322,632726000000,'曲麻莱县',632700000000) ;
insert into area values  (3220,323,632801000000,'格尔木市',632800000000),(3221,323,632802000000,'德令哈市',632800000000),(3222,323,632803000000,'茫崖市',632800000000),(3223,323,632821000000,'乌兰县',632800000000),(3224,323,632822000000,'都兰县',632800000000),(3225,323,632823000000,'天峻县',632800000000),(3226,323,632857000000,'大柴旦行政委员会',632800000000) ;
insert into area values (3227,324,640101000000,'市辖区',640100000000),(3228,324,640104000000,'兴庆区',640100000000),(3229,324,640105000000,'西夏区',640100000000),(3230,324,640106000000,'金凤区',640100000000),(3231,324,640121000000,'永宁县',640100000000),(3232,324,640122000000,'贺兰县',640100000000),(3233,324,640181000000,'灵武市',640100000000) ;
insert into area values (3234,325,640201000000,'市辖区',640200000000),(3235,325,640202000000,'大武口区',640200000000),(3236,325,640205000000,'惠农区',640200000000),(3237,325,640221000000,'平罗县',640200000000) ;
insert into area values (3238,326,640301000000,'市辖区',640300000000),(3239,326,640302000000,'利通区',640300000000),(3240,326,640303000000,'红寺堡区',640300000000),(3241,326,640323000000,'盐池县',640300000000),(3242,326,640324000000,'同心县',640300000000),(3243,326,640381000000,'青铜峡市',640300000000) ;
insert into area values (3244,327,640401000000,'市辖区',640400000000),(3245,327,640402000000,'原州区',640400000000),(3246,327,640422000000,'西吉县',640400000000),(3247,327,640423000000,'隆德县',640400000000),(3248,327,640424000000,'泾源县',640400000000),(3249,327,640425000000,'彭阳县',640400000000) ;
insert into area values (3250,328,640501000000,'市辖区',640500000000),(3251,328,640502000000,'沙坡头区',640500000000),(3252,328,640521000000,'中宁县',640500000000),(3253,328,640522000000,'海原县',640500000000) ;
insert into area values (3254,329,650101000000,'市辖区',650100000000),(3255,329,650102000000,'天山区',650100000000),(3256,329,650103000000,'沙依巴克区',650100000000),(3257,329,650104000000,'新市区',650100000000),(3258,329,650105000000,'水磨沟区',650100000000),(3259,329,650106000000,'头屯河区',650100000000),(3260,329,650107000000,'达坂城区',650100000000),(3261,329,650109000000,'米东区',650100000000),(3262,329,650121000000,'乌鲁木齐县',650100000000),(3263,329,650171000000,'乌鲁木齐经济技术开发区',650100000000),(3264,329,650172000000,'乌鲁木齐高新技术产业开发区',650100000000) ;
insert into area values (3265,330,650201000000,'市辖区',650200000000),(3266,330,650202000000,'独山子区',650200000000),(3267,330,650203000000,'克拉玛依区',650200000000),(3268,330,650204000000,'白碱滩区',650200000000),(3269,330,650205000000,'乌尔禾区',650200000000) ;
insert into area values  (3270,331,650402000000,'高昌区',650400000000),(3271,331,650421000000,'鄯善县',650400000000),(3272,331,650422000000,'托克逊县',650400000000) ;
insert into area values  (3273,332,650502000000,'伊州区',650500000000),(3274,332,650521000000,'巴里坤哈萨克自治县',650500000000),(3275,332,650522000000,'伊吾县',650500000000) ;
insert into area values  (3276,333,652301000000,'昌吉市',652300000000),(3277,333,652302000000,'阜康市',652300000000),(3278,333,652323000000,'呼图壁县',652300000000),(3279,333,652324000000,'玛纳斯县',652300000000),(3280,333,652325000000,'奇台县',652300000000),(3281,333,652327000000,'吉木萨尔县',652300000000),(3282,333,652328000000,'木垒哈萨克自治县',652300000000) ;
insert into area values  (3283,334,652701000000,'博乐市',652700000000),(3284,334,652702000000,'阿拉山口市',652700000000),(3285,334,652722000000,'精河县',652700000000),(3286,334,652723000000,'温泉县',652700000000) ;
insert into area values  (3287,335,652801000000,'库尔勒市',652800000000),(3288,335,652822000000,'轮台县',652800000000),(3289,335,652823000000,'尉犁县',652800000000),(3290,335,652824000000,'若羌县',652800000000),(3291,335,652825000000,'且末县',652800000000),(3292,335,652826000000,'焉耆回族自治县',652800000000),(3293,335,652827000000,'和静县',652800000000),(3294,335,652828000000,'和硕县',652800000000),(3295,335,652829000000,'博湖县',652800000000),(3296,335,652871000000,'库尔勒经济技术开发区',652800000000) ;
insert into area values  (3297,336,652901000000,'阿克苏市',652900000000),(3298,336,652922000000,'温宿县',652900000000),(3299,336,652923000000,'库车县',652900000000),(3300,336,652924000000,'沙雅县',652900000000),(3301,336,652925000000,'新和县',652900000000),(3302,336,652926000000,'拜城县',652900000000),(3303,336,652927000000,'乌什县',652900000000),(3304,336,652928000000,'阿瓦提县',652900000000),(3305,336,652929000000,'柯坪县',652900000000) ;
insert into area values  (3306,337,653001000000,'阿图什市',653000000000),(3307,337,653022000000,'阿克陶县',653000000000),(3308,337,653023000000,'阿合奇县',653000000000),(3309,337,653024000000,'乌恰县',653000000000) ;
insert into area values  (3310,338,653101000000,'喀什市',653100000000),(3311,338,653121000000,'疏附县',653100000000),(3312,338,653122000000,'疏勒县',653100000000),(3313,338,653123000000,'英吉沙县',653100000000),(3314,338,653124000000,'泽普县',653100000000),(3315,338,653125000000,'莎车县',653100000000),(3316,338,653126000000,'叶城县',653100000000),(3317,338,653127000000,'麦盖提县',653100000000),(3318,338,653128000000,'岳普湖县',653100000000),(3319,338,653129000000,'伽师县',653100000000),(3320,338,653130000000,'巴楚县',653100000000),(3321,338,653131000000,'塔什库尔干塔吉克自治县',653100000000) ;
insert into area values  (3322,339,653201000000,'和田市',653200000000),(3323,339,653221000000,'和田县',653200000000),(3324,339,653222000000,'墨玉县',653200000000),(3325,339,653223000000,'皮山县',653200000000),(3326,339,653224000000,'洛浦县',653200000000),(3327,339,653225000000,'策勒县',653200000000),(3328,339,653226000000,'于田县',653200000000),(3329,339,653227000000,'民丰县',653200000000) ;
insert into area values  (3330,340,654002000000,'伊宁市',654000000000),(3331,340,654003000000,'奎屯市',654000000000),(3332,340,654004000000,'霍尔果斯市',654000000000),(3333,340,654021000000,'伊宁县',654000000000),(3334,340,654022000000,'察布查尔锡伯自治县',654000000000),(3335,340,654023000000,'霍城县',654000000000),(3336,340,654024000000,'巩留县',654000000000),(3337,340,654025000000,'新源县',654000000000),(3338,340,654026000000,'昭苏县',654000000000),(3339,340,654027000000,'特克斯县',654000000000),(3340,340,654028000000,'尼勒克县',654000000000) ;
insert into area values  (3341,341,654201000000,'塔城市',654200000000),(3342,341,654202000000,'乌苏市',654200000000),(3343,341,654221000000,'额敏县',654200000000),(3344,341,654223000000,'沙湾县',654200000000),(3345,341,654224000000,'托里县',654200000000),(3346,341,654225000000,'裕民县',654200000000),(3347,341,654226000000,'和布克赛尔蒙古自治县',654200000000) ;
insert into area values  (3348,342,654301000000,'阿勒泰市',654300000000),(3349,342,654321000000,'布尔津县',654300000000),(3350,342,654322000000,'富蕴县',654300000000),(3351,342,654323000000,'福海县',654300000000),(3352,342,654324000000,'哈巴河县',654300000000),(3353,342,654325000000,'青河县',654300000000),(3354,342,654326000000,'吉木乃县',654300000000) ;
insert into area values  (3355,343,659001000000,'石河子市',659000000000),(3356,343,659002000000,'阿拉尔市',659000000000),(3357,343,659003000000,'图木舒克市',659000000000),(3358,343,659004000000,'五家渠市',659000000000),(3359,343,659006000000,'铁门关市',659000000000) ;

 